Cow_id,Date,Pre_MCP_area,Day_MCP_Area,Post_MCP_Area,All_Day_area
10,2/19/2005,4483.023297401145,138767.3619299084,16244.091834142804,174530.46048159152
10,2/20/2005,7182.384689599276,547474.4508463442,30314.37612483371,790266.5132812262
10,2/21/2005,992.3819372480502,416587.7817353979,39683.18856628612,455720.3935768977
10,2/22/2005,420.49234965257347,380555.3795076534,23841.079856015742,380555.3795076534
10,2/23/2005,740.7920006532222,468395.82014903426,53916.24597591162,536519.1709712446
10,2/24/2005,21501.375140685588,1149329.1848605536,3182.941162403673,1172486.1925190948
10,2/25/2005,4012.877560660243,342068.00946104527,9786.906884137541,421254.7689380199
10,2/26/2005,536.2479931954294,396240.48584727943,20502.61444451951,442602.69898705184
10,2/27/2005,199.912856050767,482132.94829713553,28164.212233684957,509985.57463572174
10,2/28/2005,10693.091158600844,451656.0695349567,96647.09050239623,609496.4908338331
10,3/1/2005,111271.56932822429,293571.9955051616,15653.546158023179,455548.56357626617
10,3/2/2005,139.3188852011226,356342.4712500628,9332.917796470225,365815.897970384
10,3/3/2005,3723.476042497903,435513.1109017879,38484.74605519348,543559.3216795474
10,3/4/2005,277.2779480498284,524462.0487027466,4929.364027210511,621194.2728265226
10,3/5/2005,30612.40077150613,272073.7502003461,17755.17864511162,558455.5519927442
10,3/6/2005,480.5791087541729,416381.41795391403,4404.971245713532,470565.31228671037
10,3/7/2005,348.81847680266947,1304826.1502088904,6055.0390243418515,1343949.3639014363
10,3/8/2005,4996.991159693338,575683.8429489881,21138.16639882326,610029.8267278522
10,3/9/2005,216.2661729475949,388334.3692550957,28673.477176558226,610747.607845664
10,3/10/2005,5666.2930210754275,435152.75212308764,20051.522395785898,557327.7876859307
10,3/11/2005,1554.3538534520194,572336.8780961558,35855.10226936266,572336.8780961558
10,3/12/2005,14330.434945035726,908529.6911090612,4112.937912583351,949537.5206656158
10,3/13/2005,16062.808544180356,202180.11955046654,17673.180978171527,408529.0317519307
10,3/14/2005,1912.3343975041062,731062.8692886084,60796.499154895544,826420.256044969
10,3/15/2005,463.8544977987185,573469.1195407184,745752.3465045616,2550348.196283755
84,2/28/2004,5799.735070313327,323632.065195119,592.2086316989735,332617.8188538458
84,2/29/2004,3148.0443589030765,877598.9858238846,17996.676248706877,901431.908945635
84,3/1/2004,2767.851810060907,1162286.691763565,66476.0194182517,1186099.3666060567
84,3/2/2004,4650.470957436599,511504.6887449771,8487.745164492866,559729.0357816666
84,3/3/2004,11897.6980405082,183874.17545983195,5083.290592351928,236006.7374805659
84,3/4/2004,8144.538301646709,604723.9240197456,12792.99503973499,604857.035716257
84,3/5/2004,2391.5568591021,727102.5416005328,37225.760054036975,776094.585267596
84,3/6/2004,10640.36292843474,239943.0027283784,2468.9104947093874,250517.90411291085
84,3/7/2004,1275.500742292963,78833.56518533826,4033.3650119621307,139127.25394484913
84,3/8/2004,2046.0296646039933,196798.33938837238,3649.897437953914,196798.33938837238
84,3/9/2004,14603.150033541024,35762.86058319453,79094.47083505243,108847.97484606504
84,3/10/2004,562.7792731011286,40308.90970917116,358.05343349836767,42987.02269381564
84,3/11/2004,7200.931121645495,48449.97891393211,4096.383241091622,49265.45378010627
84,3/12/2004,2240.63504049927,196432.3926819116,10203.856062490027,230238.33799029514
84,3/13/2004,3263.5178210865706,196496.85844014585,84014.75017019734,240640.49409022927
84,3/14/2004,2070.5001589991152,114526.48998600245,46460.67747375183,129524.47663322836
84,3/15/2004,901.7149745002389,136040.26072293008,7783.028180741705,173252.28802948492
101,2/19/2005,9135.382585253567,167213.97509518266,20561.50214868784,183425.7798077315
101,2/20/2005,8115.814604610205,724087.8847109969,52698.40848180652,924079.4351759846
101,2/21/2005,3716.3492971193045,553929.4566107318,14542.622142978013,554797.0153794512
101,2/22/2005,10143.968045257032,352475.65512700565,21996.08135588467,353411.7035480533
101,2/23/2005,13792.616742108017,466778.0815876126,92785.08655592427,487048.1743540764
101,2/24/2005,8252.527470508823,1249026.2534023821,8883.43314843392,1312572.6774196923
101,2/25/2005,1020.6993479970843,420789.5177581161,3575.1990128420293,422612.9473338574
101,2/26/2005,9955.668122179806,384173.3243424222,46912.55494398065,424416.5275152549
101,2/27/2005,4204.06437561661,405398.36610090826,43966.968970015645,421288.9033741662
101,2/28/2005,32497.643547438085,371920.7538787504,96207.08218877576,615117.2642401834
101,3/1/2005,110465.9646591004,450357.720664382,24176.45480018854,640964.9257493466
101,3/2/2005,4451.398681242019,485419.9895812515,8212.922563564032,485419.9895812515
101,3/3/2005,7950.820101162419,560375.8877163976,24472.819891568273,614349.9170343131
101,3/4/2005,9888.003376875073,895310.911827147,6835.569693735335,944828.5377641916
101,3/5/2005,43838.76078187302,562430.1546897814,10673.858474053442,871600.300014168
101,3/6/2005,1783.7188475430012,1241361.6456990875,9502.654344384558,1329571.583425168
101,3/7/2005,3367.7375252991915,1322783.4000165127,5196.914087243378,1400731.7493846677
101,3/8/2005,7195.451314508915,562579.4033686072,17922.149296469986,593483.606424585
101,3/9/2005,2940.31345689483,820051.0134428293,49374.46014279872,860598.2761790007
101,3/10/2005,15186.578103986336,303147.12359957723,10762.635251507163,429089.3486684337
101,3/11/2005,5654.168371048756,524596.4866418121,55067.55980324745,614606.9407216785
101,3/12/2005,17358.80261642812,327173.85269516753,20918.94169843383,341139.970488735
101,3/13/2005,9750.903692433145,377270.0500048101,29073.00659524277,377270.0500048101
101,3/14/2005,5225.639099202119,458658.37611526577,27073.646438200027,476245.54935310734
101,3/15/2005,1051.741733997129,278745.6119787581,78719.88391681388,401209.646490328
104,2/19/2005,6337.287602100521,162605.03396309912,18849.018572963774,182057.5071400553
104,2/20/2005,7913.58424314484,735894.5046970248,31909.494495794177,901243.4041070938
104,2/21/2005,3864.925713912118,561073.4848040268,24822.056766688824,562316.2905075774
104,2/22/2005,3198.8275818154216,462421.8291491121,28404.38866173476,462421.8291491121
104,2/23/2005,3226.363375559449,433837.0236442536,52843.42525057495,461374.38440571725
104,2/24/2005,6744.730402557179,1273367.7097570002,12527.75395973865,1343247.7962665549
104,2/25/2005,690.7010155529715,454094.52733256295,951.0114258546382,455590.27445043996
104,2/26/2005,6189.867802299559,509552.63830694556,77712.3049168121,644273.3710183352
104,2/27/2005,3865.0579068511724,411401.3315216764,36661.31797333807,540128.8437494761
104,2/28/2005,33147.57944831252,424392.06888362835,157701.5743034184,599255.880698031
104,3/1/2005,106.70294390036725,1029663.789297492,14839.617409341037,1038139.8716519184
104,3/2/2005,13977.903746063821,512506.0641631633,5660.556676570326,512506.0641631633
104,3/3/2005,10832.002533607185,457652.02599716187,36634.82055514888,580548.7376978248
104,3/4/2005,1632.741934798658,579205.0202323496,73033.98053336394,673854.4810710698
104,3/5/2005,1964.065292798914,397286.91874977946,15739.08629900217,453708.16428264976
104,3/6/2005,2232.253683602903,1319313.649702713,9534.078865882475,1319313.649702713
104,3/7/2005,5703.830969662406,1248746.7251270935,38416.87092482112,1248746.7251270935
104,3/8/2005,6726.710864346474,287926.8503235397,13665.511110141873,359041.6679224954
104,3/9/2005,3040.1954405922443,828028.9674959928,47396.22399228066,872900.9626073986
104,3/10/2005,12892.333467718214,466176.4503061016,27870.783833280206,559358.0787449469
104,3/11/2005,7185.499557073228,741118.547890164,24959.689919222146,797516.5970889404
104,3/12/2005,1895.1277433526702,602120.9029505104,7966.36715959385,602120.9029505104
104,3/13/2005,1896.6821651533246,441163.277159065,30413.82706348598,536768.7630520314
104,3/14/2005,5345.668495916296,433424.95442645065,23938.633630077355,447930.61620914936
104,3/15/2005,526.6118067010102,224798.33915646374,196664.24800467072,614670.012608707
402,3/20/2007,3049.2999795116484,138240.43449304998,190424.85169182043,453499.0781528435
402,3/21/2007,163.56481000198983,284959.59110094607,22102.405570468865,286112.35022597015
402,3/22/2007,3097.108129487373,425269.76050864905,20353.566655995324,425269.76050864905
402,4/3/2007,2206.2088424935937,31907.869516427163,13388.07646950148,69715.65255846782
402,4/4/2007,7150.427893459797,335115.03516057134,2421.9931929968297,369401.2338600755
402,4/5/2007,7123.338822506368,44696.61772142537,3727.3249824987724,57099.37411848828
402,4/10/2007,729.6572179994546,145761.11748154834,10777.954987978563,145761.11748154834
402,4/11/2007,2045.1108984972816,243401.4409495294,11266.134937035851,244076.33055651188
402,4/12/2007,2924.548904489726,120225.62357701734,24653.229167982936,156023.4887215793
402,4/13/2007,28.753544500970747,729741.6244498994,,730708.3482865831
402,4/17/2007,3344.9847465120256,74116.70284304582,13987.491344515234,157051.19640003145
402,4/18/2007,3590.3808235060424,212563.62865661085,9183.817271482432,240887.11149704456
402,4/19/2007,1229.9432974979281,132955.0638455376,18964.801505938172,145183.65727701783
402,4/24/2007,807.464804000454,393834.47223831166,26438.965549519286,393834.47223831166
402,4/25/2007,4230.828991490416,339393.25888058543,4262.70152999158,339393.25888058543
402,4/26/2007,542.01040499378,351388.12220697105,11217.290428036824,351496.410095986
402,5/1/2007,9095.437767506577,169268.15967536904,21194.43435246311,257965.42023431137
402,5/2/2007,5249.654942005873,1015974.2799874134,6332.239877500571,1015974.2799874134
402,5/3/2007,1414.7866725064814,322876.18523846567,17923.686337497085,323705.2182264626
403,3/20/2007,2385.3198780138046,131447.5712009482,72161.11288098991,284338.46114978567
403,3/21/2007,230.74854149948806,487789.529691115,113201.81173540652,574594.070045948
403,3/22/2007,2029.6719620097429,606670.820697844,45709.5580400154,675532.622384578
403,3/27/2007,14927.53255801485,211287.69914530404,11253.760181983933,266066.1249373425
403,3/28/2007,4543.108531984501,81093.84412655595,21386.716360517778,116820.17824733164
403,3/29/2007,13388.127738498151,146345.00121053238,27511.060699000955,147196.00636350294
403,3/30/2007,2275.6029999926686,579855.6306195557,176396.64065016806,596103.3778754771
403,4/3/2007,225.96751450607553,274078.568046554,30422.727158933412,316737.95053248014
403,4/4/2007,13178.227776007494,293660.4775380194,6571.420634016744,308466.8971873969
403,4/5/2007,9811.18705845438,249590.57536793267,29767.95995798707,358993.18262088066
403,4/10/2007,4821.894863545895,575543.1485297233,40385.97753151879,590807.3301662803
403,4/11/2007,696.670921000652,248218.94502228498,36694.267102018,256664.10371491313
403,4/12/2007,4328.758755529037,608267.6813373119,14768.025560011185,634972.2436317503
403,4/13/2007,1579.3906914978288,734884.3408460133,,741345.0418849662
403,4/17/2007,476.8248784970492,259742.36269032955,18923.6098709926,276242.2002334744
403,4/18/2007,3448.7892134916037,293625.93884807825,17008.375443533063,372155.8597583771
403,4/19/2007,571.9937094980851,256560.0677628955,26816.44667749107,394647.7228999883
403,4/24/2007,2751.0599964880967,422420.4573464028,29870.877239001915,423871.028454446
403,4/25/2007,1044.666598505224,336198.4812386632,5834.331540003419,336198.4812386632
403,4/26/2007,1582.3193734958768,363798.05440094136,23276.743055976927,395464.6916004494
403,5/1/2007,14938.097944513196,303844.4437690694,30336.281297527254,319462.49999895704
403,5/2/2007,13289.249541509897,554470.037503317,5713.365450493991,628456.8655786738
403,5/3/2007,428.92236499208957,351620.06887345016,60039.752597019076,386738.47997897863
404,3/20/2007,3797.542628505733,124153.99757802486,194758.98732556403,463574.24011309445
404,3/21/2007,50.76797849894501,315483.25053045154,29484.550630483776,316635.6201249361
404,3/22/2007,2451.903493495658,455516.14728586376,30970.06047900021,455783.813745901
404,3/27/2007,7320.762591004372,167403.10530005489,149073.99813694507,276834.70631107874
404,3/28/2007,16650.505338001996,27367.70131453406,23320.36124554649,77809.49866907299
404,3/29/2007,2598.395474488614,151955.64719512034,3842.131481499877,162778.2585926745
404,3/30/2007,2221.362528497353,205762.95991489664,153.26549749914557,219087.50541682355
404,4/3/2007,669.3288419903256,256067.33840212226,21565.226827990264,330125.65034770966
404,4/4/2007,1275.813657501014,337571.0822830647,2955.7538974997005,351451.5492056161
404,4/5/2007,2290.5188384824432,194769.07332555624,4207.67697600089,212541.97441737726
404,4/10/2007,608.3045295006596,501345.3140500039,11127.130643013865,501345.3140500039
404,4/11/2007,1578.6678009955212,232054.34150205553,11415.102015513927,232075.4909120947
404,4/12/2007,2282.7435849974863,233868.72423299402,16707.403871513903,282460.1791140232
404,4/13/2007,907.8647629879415,748440.4970281422,,759093.9865052262
404,4/17/2007,970.6336160020437,220343.3056796044,16376.124269995838,265254.1247935444
404,4/18/2007,668.7363274998497,237554.0179129839,5037.095381977037,241270.6586329192
404,4/19/2007,918.0112480055541,203375.08182102442,31662.7221624963,212987.64928852022
404,4/24/2007,328.79891349817626,355130.3727617073,33828.93061001599,361650.85610572994
404,4/25/2007,24863.659207470715,259504.42118895054,15994.307870470919,296006.5775348395
404,4/26/2007,172.05486149899662,226486.27803766262,16308.877894502133,336702.6099731177
404,5/1/2007,3508.7907500024885,195373.98124852031,108862.0993341878,351686.8478080556
404,5/2/2007,958.2405829930212,2035146.077567041,17997.49263451621,2120062.1294864863
404,5/3/2007,6454.700209517032,270240.97514296323,33806.9669059813,288408.4759654254
405,3/20/2007,4216.572752981912,63833.481696460396,15689.694599508308,93681.8309949711
405,3/21/2007,8314.436334518483,255795.87080528587,33210.43422198435,343433.4506085515
405,3/22/2007,47093.67034752667,436288.29817631096,19449.969042026787,597556.116444543
405,3/27/2007,8741.268412494566,103579.56442003697,35750.23786151409,201323.0564430207
405,3/28/2007,38521.45070499182,56954.76842444856,17720.973886482418,132041.028121416
405,3/29/2007,12458.513701509743,75797.74610648397,24792.193701020908,80945.0033369679
405,3/30/2007,10225.787605037913,405258.13325486146,20607.004146503285,475168.5653209388
405,4/3/2007,91.34482449910138,37002.72886401042,13214.05835799314,91844.8943509385
405,4/4/2007,452.5171550011728,272791.34197190404,142202.08279215218,318590.728896603
405,4/5/2007,2372.0308155012317,281684.07151806355,10675.679422009736,281684.07151806355
405,4/10/2007,299.79781250073574,222771.1841011811,14392.459451004863,301732.6108675678
405,4/11/2007,9328.232889510691,198383.2200741619,10973.237230502069,254568.34796777368
405,4/12/2007,4488.13802199671,598629.7184315771,3717.808143499773,645912.4568320066
405,4/17/2007,1040.2286904994398,98032.42312147096,15938.044922504923,234849.48290491104
405,4/18/2007,988.5922304959968,276226.61875884235,17341.105695504695,351931.4965225309
405,4/19/2007,425.1341115050018,235952.36576155666,12470.427009520121,345066.65307863057
405,4/24/2007,4099.966110514477,294745.4191076127,4295.255544485524,304163.4334697095
405,4/25/2007,870.2013154961169,292799.73695264757,27371.068407461047,334958.35931812227
405,4/26/2007,1130.1711319945753,380497.9797764197,6417.902310486883,380794.45835472643
405,5/1/2007,5045.660429996904,226112.12652897835,13082.046029523946,247154.39656253718
405,5/2/2007,447.2189500066452,1156483.8688532263,23993.318979529664,1263364.0488477796
405,5/3/2007,2501.040681978222,143456.85910400003,20801.02145251981,211157.1586870104
407,3/20/2007,1342.54918350745,76147.95481358212,56775.345421001315,294144.7472026348
407,3/21/2007,10367.228257514536,520494.41057249904,74237.06358645484,522693.9461710602
407,3/22/2007,5204.889615021646,290886.6975340992,31475.783697515726,485699.0723532587
407,3/27/2007,1467.751511508599,288655.00642507896,30865.186024948955,365437.34378504753
407,3/28/2007,898.4311600036453,349772.12672036886,71293.04524159431,354833.3997909874
407,3/29/2007,15308.400328487158,149209.53469898552,128345.7735055536,179810.3528985083
407,3/30/2007,1898.2238394976594,851175.5352235883,151716.31254403293,1053916.4463090748
407,4/3/2007,1538.7887179981917,278005.5489450097,27543.403713483363,375589.6136544347
407,4/4/2007,1754.2463789950125,446480.2801820934,13603.80070151575,459812.80986352265
407,4/5/2007,6805.1076455181465,281517.04617999494,19085.843527540565,337451.25743700564
407,4/10/2007,4083.4062805157155,632114.0983403474,8679.810895502567,633997.8115113378
407,4/11/2007,9956.046608500183,468704.6772391796,16391.78650353849,481561.43586713076
407,4/12/2007,4825.98641448468,345962.74884449225,6378.5853544933125,345962.74884449225
407,4/13/2007,464.9493539961986,732398.0821528733,,737682.9823722243
407,4/17/2007,2154.236307510175,312791.2432550788,14940.161904070526,328007.96787911654
407,4/18/2007,1659.3776040021912,275974.7327223271,11283.492886509746,289526.6474682987
407,4/19/2007,1025.6729409955442,192440.55852261186,39459.809734523296,199721.03910411894
407,4/24/2007,811.5192144964822,262922.36527033406,25522.512934511527,298532.2403850525
407,4/25/2007,14360.152530021966,357452.9588174969,10765.452197030187,445562.04421153665
407,4/26/2007,9411.81338749826,296553.13293482736,26495.625050477684,358832.58188545704
407,5/1/2007,21128.013778974535,133990.33768893033,87299.4682244286,182632.21348199993
407,5/2/2007,371.37508699903265,256522.1601509489,4915.0349030075595,272445.1371570192
407,5/3/2007,519.8136635040864,266480.7993398011,29662.9293705225,302496.87165890634
408,3/20/2007,379.6717220004648,133933.20999824582,45184.69059997797,293534.8595438176
408,3/21/2007,5114.0247070118785,475335.14612305164,31118.250372558832,482624.1371281147
408,3/22/2007,1606.0662249985617,398791.53759148717,24965.393265023828,594685.0749085397
408,4/3/2007,1149.7722049913136,250357.3828483522,22892.817980494234,335778.7932129204
408,4/4/2007,1653.7875439962372,360922.5070091486,16305.315299005888,396479.93685507774
408,4/5/2007,5641.531418509781,219772.46255403012,6693.654696011916,230623.08019202948
408,4/10/2007,668.6303399971221,602543.9304739684,17468.613687010482,602543.9304739684
408,4/11/2007,201.5989620015025,261094.44991742074,8480.512858014554,262322.5082924664
408,4/12/2007,1936.222030469915,570636.3857019842,12471.995011475403,589649.7586523741
408,4/13/2007,1859.9830370028503,501196.457679607,,512773.2605885789
408,4/17/2007,5522.19299000036,278644.0725660324,17958.799800001085,296371.2522204071
408,4/18/2007,1523.4619795158505,301657.80512945354,9490.518277987838,346041.551377967
408,4/19/2007,478.91890300111845,221908.25126156956,20972.88209149521,330596.04584509134
408,4/24/2007,3228.226552004926,344473.80157511664,2840.884293487994,347897.1060991211
408,4/25/2007,7822.399903487414,275120.05350432545,77988.12227749825,424506.1083910391
408,4/26/2007,4187.557567488402,269174.6857332629,12121.875063011423,313006.17651836574
408,5/1/2007,4149.236981509253,325144.17901546555,24712.512530050706,390827.74961565435
408,5/2/2007,736.4327859953046,685687.9228362441,15888.25296748802,744683.1162088439
408,5/3/2007,4416.1386795043945,292075.93071715534,41000.868452481925,292075.93071715534
411,3/20/2007,10041.060546968132,113360.41860554367,26756.19082454592,242434.93594051525
411,3/21/2007,14951.272143989801,230230.53790955245,18723.628249984235,233647.67424004525
411,3/22/2007,2692.3318380080163,458945.89094205946,123999.64534500986,526303.7871089205
411,3/27/2007,1112.5380354812369,74105.36983351037,8754.00975049287,141253.25031761825
411,3/28/2007,5319.851683001965,346096.20176792145,63495.138332452625,363169.11254543066
411,3/29/2007,30145.77719956264,117504.96932752803,50822.18214699626,164073.9062910378
411,3/30/2007,3395.297212995589,812935.2399478257,140017.20493354648,993923.3051669896
411,4/3/2007,741.207323002629,262929.29138331115,34363.84671901539,385106.76195688546
411,4/4/2007,746.6408639920992,227334.3746599704,13275.453300506808,242440.0790264383
411,4/5/2007,3288.4823010009713,247254.06327537447,19694.580628494732,278864.71153226495
411,4/10/2007,7350.984050489031,587190.2773763239,21717.298436556943,595840.5216712952
411,4/11/2007,82.16760549787432,404488.2295779735,18056.9232625328,404488.2295779735
411,4/12/2007,8252.100902996957,214242.07167286798,8433.989406992681,216469.05035887286
411,4/13/2007,1695.2427125014365,467743.65964080393,,496521.23241817765
411,4/17/2007,25.42895700072404,297246.30492399633,9262.620510976762,304609.4994544685
411,4/18/2007,5689.926874993369,282898.722495988,17658.7096215114,365691.7784996629
411,4/19/2007,3965.4301765039563,298880.66999570746,13805.439479004592,327960.6815700792
411,5/1/2007,16987.562951484695,316528.51639005914,43472.022970065475,376284.23322667927
411,5/2/2007,445.947874000296,872689.0845624357,16372.374546006322,934240.4919689447
411,5/3/2007,1681.1212200000882,364000.2636370659,21089.68129002303,379313.6560705602
413,3/20/2007,3222.4677960015833,120507.89297017455,190172.0313642621,451877.1035077274
413,3/21/2007,391.58889700099826,322897.67645195127,4146.523207500577,336554.24596030544
413,3/22/2007,434.93763999827206,390873.438118957,8823.757829491049,399772.54773555696
413,3/27/2007,1459.7245744933607,123840.73285742104,111667.43070699088,300161.6985604521
413,3/28/2007,1029.4245015091728,110979.28356796596,23895.354542960762,118265.19746644888
413,3/29/2007,4456.67948150076,73493.9297259103,22399.30892496556,81479.57354408014
413,3/30/2007,613.9036784954369,308609.0323615768,3024.1450479887426,313523.3419406214
413,4/3/2007,15746.435786533635,64982.75175952539,90.62758949887939,148816.782474563
413,4/4/2007,1148.6169689996168,100656.37511897832,8201.499443989247,114988.28109706566
413,4/5/2007,714.6950864996761,14079.779339980334,48250.2049869271,93118.46553954575
413,4/10/2007,1333.0772134959698,210143.77076359093,13933.116477964446,250260.48031300306
413,4/11/2007,2201.4495914899744,28715.07602854073,13436.257861971855,40778.415595538914
413,4/12/2007,205.92077549969326,278034.0113987848,5360.778861992061,278930.9017157629
413,4/13/2007,2191.9664919907227,670698.7550131977,,671121.2536226735
413,4/17/2007,3241.408398460597,106612.58976202458,38964.88313096017,271111.5944700092
413,4/18/2007,355.58248699991964,221394.2024655342,8176.082033481449,233024.81863604486
413,4/19/2007,2628.885509994114,85602.53708253801,11687.76610154286,85640.98821452633
413,5/1/2007,13255.812940523028,94095.25259189913,27648.329187963158,159259.39654097334
413,5/2/2007,661.3382674977183,305708.76014111936,4262.546268999577,322888.86844361946
413,5/3/2007,598.9600994996144,292778.76789453626,9845.982935011882,296469.03192046285
417,3/20/2007,7556.389116965234,96207.60157751851,18178.328381992877,119983.22804590315
417,3/21/2007,2009.4438839927316,255497.1292590052,55627.84484203532,468485.5327938944
417,3/22/2007,54009.28280097246,234392.37955304608,16936.5515524894,400794.2081375718
417,3/27/2007,5782.861141500995,175200.0977655109,7896.283920005895,201028.02585452795
417,3/28/2007,5767.1572705195285,197382.63738153875,64967.308932432905,282550.43274749815
417,3/29/2007,19922.930042993277,95210.43612905592,41573.92988249939,128295.63515606523
417,3/30/2007,4697.85733698681,592300.3200477958,19479.32616200298,635202.473682344
417,4/3/2007,4569.01565551199,195118.12566255033,23130.048609868623,257909.5319735855
417,4/4/2007,6425.7137945136055,252957.9566001147,7270.559709005058,256623.38616503775
417,4/5/2007,477.83477000007406,281772.4065554729,7450.41679350473,318796.60019604024
417,4/10/2007,7564.2985844716895,383818.79490344226,7785.010629501194,399229.8744514398
417,4/11/2007,3029.366938495077,242064.1316464916,20662.13630651869,259350.632039994
417,4/12/2007,2761.1543595045805,240359.11664760858,14408.012533996254,307531.29956560023
417,4/13/2007,3551.837747514248,733709.1391695966,,762024.479293067
417,4/17/2007,2375.833532021381,163607.87099055946,19613.18688299693,209456.6003060341
417,4/18/2007,2269.347375494639,313816.33294151723,10370.445956988842,379602.4298119843
417,4/19/2007,367.5756825003773,225637.01776578184,12529.31668148376,248657.0517614521
417,4/24/2007,1382.2080624954542,169264.46758158877,3693.484204008244,197169.93770951405
417,4/25/2007,10123.641055006534,290828.5304454565,10973.776942480356,291317.6464884579
417,4/26/2007,3301.2954770065844,359652.5949335173,7848.875279985368,359652.5949335173
417,5/1/2007,13110.159412984736,145095.7136604786,24566.265552466735,249089.03728341032
417,5/2/2007,827.7761045033112,1784106.1776123345,10682.039795979857,1861900.3028566241
417,5/3/2007,575.2516479985788,327434.48841895163,23613.75805998221,348422.1239384264
421,3/20/2007,32078.27053400874,94795.73006263934,6341.644851502031,206351.51689462364
421,3/21/2007,4474.368202991784,382864.8553105965,72212.44200694561,391583.1829970479
421,3/22/2007,307.71568499924615,184867.1168039441,90343.08925454319,288458.1980844736
421,3/27/2007,2467.9278789903037,183234.4345890265,2116.6457689944655,206946.55187362246
421,3/28/2007,1350.1569379996508,327800.4593504034,47296.978658523876,341748.26158994064
421,3/29/2007,6740.9086134806275,147932.32202251256,28410.91249857098,163067.05235847458
421,3/30/2007,4310.660812494345,549234.5440716594,18307.183738503605,624555.5972151607
421,4/3/2007,604.3806390063837,265817.92767700553,28884.24799254909,309705.75826752186
421,4/4/2007,3523.696642019786,193999.35358802974,7719.8000680059195,222207.75703248382
421,4/5/2007,11696.214949987829,421232.54053165764,22134.270146999508,461942.2802776024
421,4/10/2007,9087.502368014306,609503.4534640536,13806.15942000039,663378.5739064515
421,4/11/2007,402.34626950486563,310887.0133188963,21953.46663196385,318804.878746137
421,4/12/2007,4805.070552026853,613550.6312655509,18436.754505526274,643005.7736919522
421,4/13/2007,484.62915049889125,763693.8940199763,,765029.7402340025
421,4/17/2007,3282.947771506384,300241.1361323893,9642.136966500431,311962.43914704025
421,4/18/2007,4768.776512013748,266873.7715346962,9655.109761510044,296686.8432260752
421,4/19/2007,2476.6135349981487,189954.23918493837,28398.204582989216,195273.22350694612
421,4/24/2007,807.6481839929475,251892.72702661902,11563.219935981557,315679.8538764939
421,4/25/2007,2867.0023129954934,326936.43358258903,7188.290826506913,326936.43358258903
421,4/26/2007,2763.3119980003685,327981.69071890786,12340.608398519456,346724.4149839394
424,3/20/2007,3047.7973539924715,58070.69411399588,6380.657990504056,75596.99497249536
424,3/21/2007,765.8958544936031,444359.2638220191,4679.772405010182,444359.2638220191
424,3/22/2007,6173.06231848523,521111.3408431262,14894.275233980268,521111.3408431262
424,3/27/2007,3588.808505501598,158334.34103194252,19341.35085248947,264512.729813369
424,3/28/2007,5620.239403995103,346561.2780883908,77027.43389801309,364327.17593693733
424,3/29/2007,29362.514496974647,121253.68106850982,39736.104158461094,150486.10292601585
424,3/30/2007,7163.001015987247,786769.4825811312,185327.60747243464,971700.3088926598
424,4/3/2007,5163.8827960127965,186763.948719576,44217.160454465076,317798.52165557444
424,4/4/2007,17663.239895023406,290512.2918789387,21100.23056701012,448888.6702002883
424,4/5/2007,11116.441854488803,293857.15141151473,5569.343821972609,307676.2782555036
424,4/10/2007,3014.395520495251,589149.8363349587,11769.230083480477,589149.8363349587
424,4/11/2007,1408.170000510756,415375.9889804423,11819.684301013127,434618.279306978
424,4/12/2007,6749.328663951252,604374.3749460578,14704.331533499062,637404.3498111069
424,4/13/2007,514.1502984955441,723532.6644909531,,731396.2489429526
424,4/17/2007,3656.0093685002066,64712.15770846326,28411.79954998009,247590.96546249092
424,4/18/2007,523.9691680008546,257969.99513264,2917.316560506588,319208.0275220126
424,4/19/2007,49218.46459648758,201209.2243304327,26657.509335950017,350098.6583143994
424,4/24/2007,3713.698761995882,412951.8778115995,5346.56219798699,448529.28415683284
424,4/25/2007,3257.9229094982147,200111.17953991145,3945.2296044938266,258561.70466092974
424,4/26/2007,3910.7922019958496,334379.6998093389,6433.895689502358,347884.3166479245
424,5/1/2007,1914.901861001199,209730.23309940472,12611.32849699352,225590.78415977396
424,5/2/2007,354.42905250005424,373151.63295287185,49233.83175814006,542112.9055028185
424,5/3/2007,839.4844124913216,375943.1596494168,27214.621564992238,379849.0751708299
426,3/20/2007,5226.938039988279,101815.82042145543,11543.295375013724,116139.45785996132
426,3/21/2007,1273.642098993063,288420.94715446234,91037.37227951258,399786.90715406835
426,3/22/2007,6096.863862002734,159368.96034201188,6334.507901487872,189336.19844656019
426,4/10/2007,464.6955755017698,485270.5624199435,11827.621858011931,485270.5624199435
426,4/11/2007,2256.3716359804384,101209.58232049644,9738.706491470337,120872.98294004798
426,4/12/2007,539.0547145018354,628380.4674295038,15377.762292006984,630500.7789275944
426,4/13/2007,2034.744780993089,479723.3413334787,,498387.6042654943
426,4/17/2007,6931.852337507531,320368.0495143533,17761.175620019436,337637.55771400034
426,4/18/2007,521.1569989956915,295070.42801222205,7591.617221996188,347702.84726051986
426,4/19/2007,574.3738774992526,288593.6217022096,16371.755060497671,332107.8324264572
426,4/24/2007,2266.671858998132,439971.75261647464,7014.453616028652,439971.75261647464
426,4/25/2007,18006.945570990443,225665.46256804466,1017916.7971150279,1017916.7971150279
426,4/26/2007,6217.630504983012,341280.4635235965,14380.482161521912,400581.83176543564
426,5/1/2007,6272.374597971328,285315.3474664722,18157.50555750588,325375.9652839452
426,5/2/2007,36011.01400898583,560130.9576684535,2405.139941501431,592924.7406409085
426,5/3/2007,2209.0242574935546,177865.69819138944,33939.22117051482,250515.8583020121
427,3/27/2007,1544.4031929951161,176917.5507612056,15616.631029069424,183816.01610311633
427,3/28/2007,3142.31390450499,103524.31992507365,23251.863880962133,106330.30011053022
427,3/29/2007,9272.693607010646,114577.4340224769,39270.905907437205,123609.8527009394
427,3/30/2007,1727.7100680083167,342564.7421470061,14165.350553483702,342564.7421470061
427,4/3/2007,8835.671868995298,264715.42816244066,26085.979025512934,370933.5567878485
427,4/4/2007,5658.324671020964,333929.2268705666,5491.966323506087,357232.78992956877
427,4/5/2007,7118.113093998283,128344.22543996572,23422.06314251572,137145.55205150694
427,4/17/2007,498.4313220041804,274993.67336291075,19313.901134519838,274993.67336291075
427,4/18/2007,701.7619079950964,271573.80411858857,10456.680797494948,329208.827684924
427,4/19/2007,2072.466812994331,284295.1749440145,24128.110877970234,319508.99159956
427,4/24/2007,3213.342743483372,348233.71094200015,8363.071671998128,352051.63964655995
427,4/25/2007,4793.145294535905,180783.1167204678,17299.161871507764,180783.1167204678
427,4/26/2007,117.46283900062554,228885.6381325664,24157.62351149693,322492.74175009876
427,5/1/2007,4442.517026992049,244247.31752657145,99958.95697594248,360744.3234054353
427,5/2/2007,1013.0055174948648,1175928.744734794,60809.0398670882,1290060.633157827
427,5/3/2007,2101.895977497101,246192.5855499804,17662.481073521078,277260.28626443446
430,3/20/2007,12259.597336475737,282501.09074263275,18416.862351495773,282501.09074263275
430,3/21/2007,3377.7683319923235,382608.84688201547,118525.5195450373,390731.00017797947
430,3/22/2007,7412.084933033795,323233.4392594844,14033.067770540714,349573.4172836244
430,3/27/2007,1798.5925435144454,102246.04264955455,35140.22161851404,137436.0717454683
430,3/28/2007,1382.5615955102257,80879.82405649824,22833.77520848112,100117.33782302542
430,3/29/2007,717.9374500028789,132830.74531851104,41429.34693453042,142544.47825620393
430,3/30/2007,10179.258548445068,327604.35732444376,1570.553792502731,331355.58919594437
430,4/3/2007,3653.735437495634,267479.44600756466,43931.64660004084,303706.9058639854
430,4/4/2007,5598.606783013791,206751.27732643485,112100.26287387777,325536.97488734126
430,4/5/2007,11134.7200955078,200884.60520993918,3900.1295615052804,228751.35366655514
430,4/10/2007,843.2753410083242,172674.75696709007,9226.693676501513,182629.72069815546
430,4/11/2007,4094.361411488615,249589.827186957,18754.369955997914,255295.46783147752
430,4/12/2007,5049.1131564974785,279802.4038890451,14643.438586995006,304608.1713281423
430,4/13/2007,741.9082420000341,454329.3374308832,,456987.6192045463
430,4/17/2007,3727.1800195006654,230581.84351042658,45841.96440399438,277944.68504339457
430,4/18/2007,1581.8918034895323,301256.3942528814,7651.281204996631,317892.09998336434
430,4/19/2007,1333.6031784974039,203619.32386190444,37304.06329497695,206896.83120942116
430,4/24/2007,779.1465120015782,149411.70247157663,94569.97645201022,254463.0259815466
430,4/25/2007,5724.824642509222,101704.74300807342,141889.040611431,317505.42172813416
430,4/26/2007,5247.8540034890175,148602.92037900537,76397.15112256072,384148.03012975305
430,5/1/2007,11618.529738488141,261832.78381750872,17105.404038515408,261969.7439145199
430,5/2/2007,4596.921081990004,1878079.7966548987,21951.923491962254,1878079.7966548987
430,5/3/2007,949.308744992828,370926.4790354371,24480.53314852412,371883.35138842463
433,3/20/2007,1417.6447575083002,73299.00996708311,12799.101602520794,92988.16709609888
433,3/21/2007,290.77687850035727,81168.19112095982,33635.3701439593,195739.373412475
433,3/22/2007,4859.528117008507,148509.9287185222,54771.84325202182,238264.3051726073
433,4/10/2007,643.8738154936582,187301.4969065562,20302.16619354114,204341.68336808681
433,4/11/2007,725.9642119943164,112609.66019500792,6868.8657250106335,125950.58362144232
433,4/12/2007,2654.738300504163,610473.1727066487,13545.673294991255,617283.1196850091
433,4/13/2007,1752.1077055048663,687595.4215904716,,687595.4215904716
433,4/17/2007,3343.6440915165003,200357.6049374938,172302.90099340677,296431.9329459816
433,4/18/2007,1308.0879220012575,88611.3894705819,16377.523795969784,139785.8045000229
433,4/19/2007,1169.1003275038674,224786.4856195273,33399.61936095543,378790.7863454968
433,4/24/2007,2685.7330974843353,181930.7259129919,9655.56759250909,204776.3184674643
433,4/25/2007,8361.31052101776,296997.79114201665,73028.56153854728,445375.8154820204
433,4/26/2007,10062.607602506876,84263.44362901337,15439.719778027385,119819.54931801185
433,5/1/2007,6093.059465452097,188385.06355046947,19327.19301051274,237978.7090619607
433,5/2/2007,448.91751699801534,4835713.5668089725,20921.41219550278,4938865.24249081
433,5/3/2007,5327.272329520434,319640.70097348094,16472.03407797683,319640.70097348094
953,3/7/2006,31779.19930800982,83764.8937009275,78368.46581662353,123853.32005719515
953,3/8/2006,81506.72405478917,143213.0859018173,244436.3586023599,380089.7525945157
953,3/9/2006,49014.872741408646,55736.1552147679,427656.5966450088,494077.6684185788
953,3/14/2006,63032.93835187517,63569.74626041949,4421.279296855442,101553.40941876825
953,3/15/2006,95908.92130379379,24518.889438947663,37923.05488137342,185501.87189064384
953,3/16/2006,29879.133963152766,106280.76197982952,46766.29737716634,184537.83795999922
953,3/21/2006,157.7869344530627,58542.88448566571,1451.5852645076811,78010.68766095489
953,3/22/2006,10751.431995615363,101777.57724830508,82621.23333397508,200281.84578227997
953,3/23/2006,80547.5570641011,,,80547.5570641011
953,3/28/2006,56868.44433528185,113675.63758403063,17231.48040909134,197048.93925635517
953,3/29/2006,48477.90129441023,42055.499719917774,47541.728574338835,203692.8257799372
953,3/30/2006,17914.199818864465,174307.65386759583,9374.248461858835,194379.29049916565
953,4/4/2006,1543.832775350893,10116.826909815427,836.7220640964806,13464.147539039608
953,4/5/2006,462.5571492933668,2988.6219970522216,476.5245635434985,2988.6219970522216
953,4/6/2006,641.6225505513139,15599.011842204258,9844.285515284166,17669.52005214803
953,4/11/2006,73148.55668371916,181612.69334170222,109426.78297418356,368319.7093318999
953,4/12/2006,119021.01555586979,219429.06036165822,1409.4189783921465,346301.14856569655
953,4/13/2006,182880.1066912189,366045.2757746652,6788.701461479068,543871.8461104634
953,4/18/2006,42601.19487528825,165199.64755097963,3966.4683809871785,170423.81258543069
953,4/19/2006,62738.549270505086,207504.97719661985,110845.3257355541,445605.44475955516
953,4/20/2006,101139.12673500925,1382927.2935633017,17242.296060087392,1384533.2297522677
953,4/25/2006,50033.56158787757,52805.17926095426,2077.2072651474737,144348.1461353458
953,4/26/2006,122882.20803100057,22246.672217816114,292626.2573286146,604812.4016531855
953,4/27/2006,9633.28165377304,434381.93530860543,170057.03710824996,816960.9268222824
1006,2/19/2005,1032.4552284125239,141423.86554406583,19649.86136878282,163518.160639368
1006,2/20/2005,6447.002715803683,718831.7497070134,17373.726995021105,834534.4618967772
1006,2/21/2005,2531.9082962505054,516589.55021803826,60658.767808660865,517339.5939981267
1006,2/22/2005,9999.723429405596,313527.96355447173,16807.850112572312,464687.6534449458
1006,2/23/2005,30796.478491671383,767017.705208987,56387.23615351971,955028.5721255243
1006,2/24/2005,10830.179630987346,364097.6734932959,4857.0929688243195,433034.8646839112
1006,2/25/2005,916.5047111986205,431258.8990158861,12990.853677071631,438630.8423081202
1006,2/26/2005,12271.226012978703,188583.9428968092,51362.58636388811,191094.9983658751
1006,2/27/2005,7732.988631203771,386382.56608995236,51602.290240556,386382.56608995236
1006,2/28/2005,18551.921208096668,354422.0086968492,11501.856660716236,493801.45217375434
1006,3/1/2005,14030.693365868181,371882.8282213211,14467.523415856063,393247.28440354764
1006,3/2/2005,10197.807898256928,357646.83346956223,8027.418482039124,368719.24204850197
1006,3/3/2005,8273.430932477815,226081.0090514049,4617.136929824948,226081.0090514049
1006,3/4/2005,3493.326366024092,991784.6997632235,3598.368333188817,1053939.9503180683
1006,3/5/2005,247.40549920359626,330005.58757641725,11433.156091485173,406800.25397298485
1006,3/6/2005,4733.487361256033,556999.931085011,9680.713247096166,707821.7322638836
1006,3/7/2005,196.4860359460581,60308.60352809983,5931.576948946109,78451.80510525662
1006,3/8/2005,4941.048000693321,107260.84488563181,16998.041447639465,282425.75097696856
1006,3/9/2005,1379.6033900547773,531480.9366162866,14289.846452006139,638265.639711529
1006,3/10/2005,1573.284783995594,176295.4038309008,15345.715080913156,338794.9447643757
1006,3/11/2005,8015.331233263016,480123.62638927996,2432.4101295820437,486210.4965990782
1006,3/12/2005,7200.107915052911,323690.4397578924,14002.376282297075,338450.571631202
1006,3/13/2005,1674.2803483591415,359046.2681694627,12344.050631418824,391132.5958646387
1006,3/14/2005,5784.806008245796,442693.1584709361,42908.20245302329,480367.3154480532
1006,3/15/2005,2205.530328796711,39833.902372621,19771.749725584406,61370.629309520125
1290,3/7/2006,61359.693869546056,162712.82123950124,452226.93676157296,780359.2662570924
1290,3/8/2006,110262.3715784289,155154.97542580962,257877.27863442898,578062.1386028826
1290,3/9/2006,62249.91311189532,50511.99753002077,148134.8642300442,398738.6549873501
1290,3/14/2006,254885.2834390588,5493.048136552796,3673.5370654631406,299891.4458823949
1290,3/15/2006,8242.135158671066,3040.8182525597513,494296.7333308868,535279.7976879515
1290,3/16/2006,209598.6949020531,13070.286745650694,9354.570869460702,346450.671458086
1290,3/21/2006,100351.22823447548,23349.268962666392,38872.00165429711,140301.71341544017
1290,3/22/2006,17489.492360711098,20537.820820232853,17036.12362075597,40337.04598196596
1290,3/23/2006,153866.11752840504,223114.19765963405,139123.48434969038,338624.37658637017
1290,3/28/2006,47354.426082894206,48809.19922219217,22823.319753354415,183948.1243045479
1290,3/29/2006,63540.078251600266,458219.90864528716,33600.86335767899,479624.1131259566
1290,3/30/2006,124487.16660514474,376201.7764890145,4703.005859605968,486696.3813861208
1290,4/4/2006,1480.661793145351,23640.421184827108,1488.8165360564017,23933.821929591708
1290,4/5/2006,1823.1194190979004,2243.997831152752,1414.9929252550937,3544.180480008945
1290,4/6/2006,2926.670393459499,35079.7000364745,19939.494721133262,42468.10246228799
1290,4/11/2006,21317.88730884902,22130.388667963445,67317.38259500184,85128.42214591056
1290,4/12/2006,8701.28525338322,125605.64376121014,8924.844393020496,142464.87465249747
1290,4/13/2006,59458.85805420391,236703.56500633142,234262.34126879275,476706.48963458836
1290,4/18/2006,45471.634019305,754203.4822187424,7855.168746627867,759401.5246852934
1290,4/19/2006,81223.71080720611,287288.03559248894,21819.840408395976,337311.30114466697
1290,4/20/2006,29706.231245549396,1366181.784747824,18699.334039051086,1381204.6067520669
1290,4/25/2006,29845.694320872426,72096.40916915238,114532.14299359918,252415.1655806452
1290,4/26/2006,122822.36406959593,95779.61300231516,171315.78361479938,536716.7134663761
1290,4/27/2006,28576.75406700559,880310.5433320552,154966.7515598461,1302802.1786093563
3016,3/14/2006,67393.3304778263,77995.86153935688,1553.3151710932143,106516.86647029268
3016,3/15/2006,113685.18892763392,116131.42095311731,6455.553169783438,194579.8265299499
3016,3/16/2006,90867.37139888853,122425.60775884986,5694.7101883254945,175969.36121334508
3016,3/21/2006,92252.25803559832,84356.91439041495,18881.86231981963,117013.61983493529
3016,3/22/2006,20321.90398550406,29713.483884189278,19159.76561243314,47309.421255977824
3016,3/23/2006,94992.91574200243,208487.53867819905,169250.1327881068,291708.67574851215
3016,3/28/2006,58413.6949121654,158019.62499602884,83045.33122665016,560051.6910825223
3016,3/29/2006,46766.95327498391,68012.34106109291,32573.732892906293,170903.43187214807
3016,3/30/2006,24027.247225791216,206229.50438976288,477.1357456049882,227895.62320371717
3016,4/4/2006,490.4919835512992,1284.905766211683,399.0182834492298,1467.622308064485
3016,4/5/2006,616.9431093004532,801.3610862423666,575.5446281980257,1069.3464381992817
3016,4/6/2006,995.269666899927,15805.400208143517,8636.860463175923,19616.967314701527
3016,4/11/2006,15992.5449884267,53933.77089419961,65763.49386555888,164446.19580449164
3016,4/12/2006,52770.364841632545,86025.05405386165,599.8079946071375,185041.26724469662
3016,4/13/2006,57139.92554988712,101418.46028353646,67821.99137334898,446029.9896979183
3016,4/18/2006,33399.52901675366,714256.4051513225,2855.314495349303,722080.0984340347
3016,4/19/2006,52965.06704413518,103828.63790026307,44222.746023463085,343304.142032288
3016,4/20/2006,74984.5518771112,1302597.8321308047,89406.9970675325,1325472.803286329
3016,4/25/2006,9795.922789467499,41516.243976416066,101605.1424155645,198103.12944436446
3016,4/26/2006,92078.45497052372,49267.68953342363,14580.08647377789,172396.09738544002
3016,4/27/2006,22911.934472709894,236324.08512823284,11874.73911366053,242696.44503107667
3126,3/7/2006,63921.0480607748,165009.6501277089,436758.4285365343,760637.508603394
3126,3/8/2006,100001.5477405861,151839.47000417113,242273.27681921422,559712.314507246
3126,3/9/2006,25171.1056002751,31124.062366388738,144532.927952528,321808.5875223726
3126,3/14/2006,63704.53160147369,93981.95363966376,4324.9124953513965,114230.29872429231
3126,3/15/2006,104922.93805715442,76113.52821692359,8014.628544457257,203020.5873828996
3126,3/16/2006,76294.75714699551,113549.62271594256,8801.731792410836,183837.32027123868
3126,3/21/2006,118496.59461070388,14735.101282474003,58389.82960675238,183222.64761060884
3126,3/22/2006,25813.14395731967,69335.90713387728,1748.3892165962607,81240.19218544662
3126,3/23/2006,12515.254813855514,34442.30331992172,61637.77778432192,143252.90001290105
3126,3/28/2006,63765.52716720849,97427.68268541619,10994.539890751243,116389.13195997477
3126,3/29/2006,59740.84223752841,95356.70864129439,34394.48190417758,141018.49232795835
3126,3/30/2006,13187.724958478473,116461.97908801585,48376.40890664887,158521.84401921928
3126,4/4/2006,704.8590787006542,794.2405419498682,298.055446294602,1085.7224126053043
3126,4/5/2006,523.0301059004851,973.1043101558462,630.0649149515666,1118.0132782529108
3126,4/6/2006,836.1527582986164,15671.794914586295,11600.820693182293,16262.369779967703
3126,4/11/2006,11880.211293627508,20021.792316759238,13253.595533262473,47267.73596442444
3126,4/12/2006,53306.91037538089,54140.19021240447,2167.294254727778,105958.7381850779
3126,4/13/2006,5405.3922293409705,24202.28072725609,158816.4401409924,210720.5198622942
3126,4/25/2006,53255.02443153411,66665.75735028088,104972.85908615775,264389.2953637671
3126,4/26/2006,98983.34801031649,76881.40035869926,213525.0893832445,510317.19310829043
3126,4/27/2006,37467.22321986593,62827.53368997015,181142.67366807163,290359.7848520875
3136,3/7/2006,8032.423838231713,138990.55428740382,74313.05706625246,228634.09218316898
3136,3/8/2006,3465.0485902461223,38257.97186225653,5831.702506642789,41914.66690031439
3136,3/9/2006,9647.639891244471,83284.1267337501,22013.268359262496,86707.14448718354
3136,3/14/2006,63704.53160147369,93981.95363966376,4324.9124953513965,114230.29872429231
3136,3/15/2006,104922.93805715442,76113.52821692359,8014.628544457257,203020.5873828996
3136,3/16/2006,76294.75714699551,113549.62271594256,8801.731792410836,183837.32027123868
3136,3/21/2006,110033.22197277844,60494.86493694037,41228.796880714595,130180.45682547241
3136,3/22/2006,16540.718525856733,18145.272147684358,16090.221587564796,37007.81222818943
3136,3/23/2006,84068.66501004249,129495.07609707862,48810.17980439216,190645.7826575227
3136,3/28/2006,39287.31554276869,54616.167036257684,13700.459624341223,71665.05326375738
3136,3/29/2006,40469.54505483061,150857.4406509921,28838.93377383426,196292.5473340326
3136,3/30/2006,102842.97403139994,400288.10079784377,215.38836485450156,535275.5711537153
3136,4/4/2006,977.7632184009999,579.5114151972812,243.46488035353832,1603.6781119920852
3136,4/5/2006,1260.9885848984122,1174.9798211390153,497.7686331504956,2189.2916469480842
3136,4/6/2006,1216.6171022063936,68951.11622887664,7211.715814437717,69552.54477088433
3136,4/11/2006,121207.43018433452,320699.9105024487,20181.825851775706,350937.51678051054
3136,4/12/2006,103560.16169861704,73104.95731353376,490.1230828461994,191406.24828281417
3136,4/13/2006,48443.176763646305,92343.14639424905,91802.4434159249,457777.57317999005
3136,4/18/2006,53060.29173831662,699715.2762165964,2765.782420957461,712766.140480794
3136,4/19/2006,77139.99863392569,93514.14063930733,60634.28892311826,370146.38899093866
3136,4/20/2006,29988.571436915547,1363989.0974888653,22645.932195484405,1394298.486896649
3136,4/25/2006,70569.49261185527,58490.31912139151,59719.63154413365,190716.35473814607
3136,4/26/2006,104116.70932945609,53637.99051109329,200205.57139873505,468287.27684889734
3136,4/27/2006,42926.386870440096,73873.02805703366,220071.6119705811,476290.86054490507
3877,3/7/2006,54942.736033488065,187316.87712338567,506456.6758976579,772631.7416915298
3877,3/8/2006,80894.73056361824,169312.207802144,255221.53373290598,564362.2124443948
3877,3/9/2006,56516.155391171575,51966.46558076143,430243.0594769679,539461.7898937464
3877,3/14/2006,23229.497386779636,33586.263546705246,148773.94850346842,198919.46966746845
3877,3/15/2006,137922.79386555403,54296.31725281477,136463.9210258955,377979.1772361966
3877,3/16/2006,50420.19307391718,402545.2757964805,1283.840511508286,533426.6532091945
3877,3/21/2006,81038.18366283947,85356.45211540163,24234.987966863002,306598.9817159008
3877,3/22/2006,95335.2505011945,25797.293622896075,17181.775501791388,154616.82091572834
3877,3/23/2006,2718.2577961077914,89475.37292741984,73164.17323600873,294548.4382981062
3877,3/28/2006,73682.7832147181,169809.7199387988,127599.4739461824,616846.8975847437
3877,3/29/2006,30797.95697247982,252668.56910260068,31698.65718310885,278279.3202031655
3877,3/30/2006,107064.06610257737,441605.1629372835,3624.708924722392,555858.4229222238
3877,4/4/2006,1007.2037604479119,1460.7225664937869,445.95646159304306,1732.8713966952637
3877,4/5/2006,973.5600310484879,2157.4669841974974,580.3159483997151,2166.781708549708
3877,4/6/2006,725.5964003950357,15103.159055896103,17651.763188026845,29780.2292753309
3877,4/11/2006,42757.61172001064,327288.20501582325,10372.635852176696,341456.7166979909
3877,4/12/2006,78474.48569530994,183490.98447724804,17640.358508100733,262827.51097859815
3877,4/13/2006,135001.67445689603,96426.76677388512,3949.4282525544986,358829.16653349996
3877,4/18/2006,35674.73788797669,109583.46271008812,33550.61846280098,111561.87267540209
3877,4/19/2006,15052.417959984392,316511.46103309095,6424.147979564965,378133.11857159436
3877,4/20/2006,20373.965731006116,56870.48987083882,288873.11213983595,407953.53055271506
3877,4/25/2006,14407.174212786369,184072.33194737416,3755.129518146161,229074.2809514543
3877,4/26/2006,99353.43642525375,27002.71957365796,78126.49806875736,472902.827096045
3877,4/27/2006,8423.67613612581,89895.95592659595,185667.23318694532,320262.47602929175
4002,3/20/2007,11256.590824016486,101321.57806951925,8399.583017006516,189380.98344555125
4002,3/21/2007,3659.1964299604297,382879.26377648767,32829.66565897688,402733.48974858224
4002,3/22/2007,3480.276151992148,159134.7207335485,2493.3338370099664,159301.16387105826
4002,3/27/2007,8335.644021014334,181224.49822750688,15370.579846991226,283258.53114943206
4002,3/28/2007,17750.939424023032,340914.0480269566,76462.02108108252,343676.0354900658
4002,3/29/2007,17918.488669492304,124994.09575597942,60826.51120862365,166550.87713349238
4002,3/30/2007,5504.470458484255,795174.5072944164,50534.222348988056,855228.699359715
4002,4/10/2007,3029.046711999923,630023.8190310448,15789.703342001885,678237.6489261538
4002,4/11/2007,71.03788649966009,309851.6261320412,12505.348035521805,314040.2924449444
4002,4/12/2007,1924.8046465251246,621272.6332330406,9464.365170981735,624892.3839352131
4002,4/17/2007,7784.060728019103,320940.7505059391,16852.00626149727,339317.5206464529
4002,4/18/2007,2181.045071499888,318857.5625526905,6673.883486505598,377303.27608551085
4002,4/19/2007,1286.587581500411,235542.34802805114,16086.057726990432,250373.48654553294
4002,4/24/2007,3792.2368035158142,308697.82019057963,12137.821621486917,308697.82019057963
4002,4/25/2007,13692.61282703653,321060.3422009647,33394.74196702242,416461.1461415738
4002,4/26/2007,12530.744649998844,393685.2826829031,19293.893034026027,429033.5379279107
4002,5/1/2007,35393.74096599873,159611.3631161675,46645.337013974786,233347.82175008208
4002,5/2/2007,18222.131017498672,1825103.1868083775,20405.505471527576,2024341.9330096245
4002,5/3/2007,10031.882681505987,258597.80874796212,31980.90303746611,327501.84094797075
4012,3/20/2007,4940.0415515024215,209996.35306595266,144593.77017555758,229484.03128243238
4012,3/21/2007,566.6215879917145,161016.07962743938,67295.93516455777,203203.6496554613
4012,3/22/2007,2205.8584425076842,215076.2717256993,54439.65609941166,361522.149246186
4012,3/27/2007,4390.423841500655,61437.43674453162,19776.924626991153,116260.4474784825
4012,3/28/2007,68.45454950025305,241385.35665148497,31102.969927497208,284557.03183588386
4012,3/29/2007,6725.9434365183115,184617.60549640656,35190.711538488045,199315.6691059023
4012,3/30/2007,1193.901287510991,413864.8200144693,26701.481223620474,413864.8200144693
4012,4/3/2007,25604.956560540013,110155.44266239554,2043.5687745008618,234641.65975548327
4012,4/4/2007,1494.2481170049869,97825.11040003225,33875.36349648982,101590.9761059843
4012,4/5/2007,2792.717448494397,135661.1800691411,24016.108314998448,286899.27198700607
4042,3/20/2007,116.14223100000527,157251.13248704,10046.51838351041,171256.29849253967
4042,3/21/2007,4968.10806549713,425173.40203142166,23549.922959996387,440502.8252799362
4042,3/22/2007,2204.6687514986843,550474.1471429318,8299.230273002759,550474.1471429318
4042,3/27/2007,1957.5013279909035,258788.65344700217,9989.483120521065,343364.62382507324
4042,3/28/2007,12472.172996014357,343637.33749607205,76133.54696595669,357653.60609861463
4042,3/29/2007,18564.46472053975,154234.20254538697,52128.56213085831,187201.70960246027
4042,3/30/2007,5218.767478002468,603063.9636680931,30815.864103036933,641017.5662287623
4042,4/3/2007,419.3404609989375,264610.555711627,42631.99973508157,404356.07040426135
4042,4/4/2007,5590.480609994382,391733.99626141787,14672.680720508099,408638.1120105237
4042,4/5/2007,6216.106482505333,404882.03975841403,19885.515861533815,426662.2778814137
4042,4/10/2007,64.5517230015248,515124.5695030242,32391.125121999532,515124.5695030242
4042,4/11/2007,1008.2968599898741,265604.9017613679,21403.742076456547,268148.0852627903
4042,4/12/2007,4504.5792959898245,586830.6588591337,4755.85008197953,598726.8371746391
4042,4/13/2007,5837.012592997402,737207.4462630674,,765512.9159781002
4042,4/17/2007,4468.291513988748,237026.38462991267,13083.895671492442,266436.37319143116
4042,4/18/2007,4989.002289003227,251113.35168905556,19055.295241497457,343561.2388820052
4042,4/19/2007,308.3071069997386,286389.1977757439,20372.549645498395,317253.5983661255
4042,4/24/2007,3409.3795950133353,305685.87369948253,9928.17948301835,316899.567555394
4042,4/25/2007,21790.04952852428,303572.6537668109,422623.2732463479,676558.5358293056
4042,4/26/2007,6384.301491007209,341818.2493147552,14244.774964995682,390219.29138382524
4042,5/1/2007,710728.5964040756,113156.58179797232,97744.53939647973,1956556.5013757944
4042,5/2/2007,9423.112076515332,565448.7490596324,20567.361591523513,759325.2306304574
4042,5/3/2007,4630.978607501835,316689.68545891345,16885.29643550422,326779.7897990346
4179,2/19/2005,1729.1607976453379,182810.21448785067,25718.97163976729,217463.10194584727
4179,2/20/2005,5130.5998657383025,747131.5199093223,23700.6902615577,896261.5601574779
4179,2/21/2005,2984.735942453146,443971.7993715131,61013.502591736615,457793.0110226893
4179,2/22/2005,12846.711239967495,420552.38758842647,4631.507235643454,496579.22913762927
4179,2/23/2005,25840.299658946693,820665.0158748627,118206.26222898811,969769.6856145263
4179,2/24/2005,314.18492249492556,210071.51403090358,6029.8362440983765,263475.7957487735
4179,2/25/2005,514.2188924010843,425502.09209733596,6044.8659932995215,426198.04182952037
4179,2/26/2005,5874.860943950713,309892.2861408293,756.1448609558865,394089.2845190652
4179,2/27/2005,887.2766619999893,40105.95215756539,4679.805784667842,45008.449968134984
4179,2/28/2005,2797.8710408378392,461960.4264664203,490.66904384922236,461960.4264664203
4179,3/1/2005,3362.768798175035,340711.28501413204,2742.4830943606794,362414.29922535457
4179,3/2/2005,2113.9973968546838,404248.94832066447,4025.0863791443408,415208.90369873494
4179,3/3/2005,3281.654641502537,465328.4934794605,3741.175627656281,467901.36564579606
4179,3/4/2005,2046.6625970462337,422210.6533075422,3895.3899223059416,422210.6533075422
4179,3/5/2005,3385.6033807471395,357240.4459910169,1145.1949570951983,366474.7066346109
4179,3/6/2005,2897.8842821065336,353188.8440506216,19137.96745260805,359442.8332783934
4179,3/7/2005,3594.299141701311,233484.45267240587,6869.064060460776,239726.71572711947
4179,3/8/2005,2655.0920758126304,137662.9850006746,5501.004153748974,148486.49467930663
4179,3/9/2005,871.447096047923,193924.3672682559,776.3413793053478,196881.91003850754
4179,3/10/2005,5853.300870556617,263297.9835717473,7630.656342867762,321611.15993253514
4179,3/11/2005,1087.90856020106,328853.5774065731,6033.389442915097,338557.7957478361
4179,3/12/2005,4854.933182053268,228690.45836869627,40532.58453529328,263533.0599954203
4179,3/13/2005,738.5780046470463,265925.004237175,7818.358035707846,318885.0198351145
4179,3/14/2005,3047.518900256604,151176.88156430982,7261.618223052472,151176.88156430982
4179,3/15/2005,1943.6266580214724,102799.69852545857,35849.82301423792,111663.33253943175
4564,3/7/2006,38180.90081238141,105372.3998836875,18662.505421981215,165743.70350455493
4564,3/8/2006,11359.006588213146,64887.86266970262,12117.197372339666,71344.24318934605
4564,3/9/2006,32927.14852993935,36000.37706916779,70472.14221288264,149018.658830747
4564,3/14/2006,71053.51258520759,86368.08737840224,7549.40897430107,149776.8144485429
4564,3/15/2006,133733.35827868618,120930.80078930547,5757.084918357432,236279.82634385955
4564,3/16/2006,77963.84389784932,124583.8622686675,6893.482474114746,195815.4741804151
4564,3/21/2006,73229.06059995548,114299.11673429795,64573.12238291046,129461.06646303274
4564,3/22/2006,5612.709669180214,31485.524642119184,90489.93500744551,92324.36508050561
4564,3/23/2006,27872.628418169916,229573.62865924835,123014.75124480086,380036.35615521926
4564,3/28/2006,63246.74266371131,205004.65348973498,251959.38767527766,576110.4444263428
4564,3/29/2006,65863.37917580456,211170.9207412824,38151.81281023752,289865.3771963641
4564,3/30/2006,22277.42982517928,242165.5487898672,4701.725619234145,267006.59139918396
4564,4/4/2006,1804.5926091000438,2146.240743909031,505.29715700109955,4731.915841402486
4564,4/5/2006,1201.1387485414743,1149.4337910008617,777.7139761950821,1688.09891219344
4564,4/6/2006,933.2400215496309,21718.00588442944,7356.335315875709,22767.592646532692
4564,4/11/2006,47593.589521199465,275870.6127282828,18201.949029759387,312912.63564927876
4564,4/12/2006,156830.41378444433,253665.85540584475,6787.884781646542,301892.15628860146
4564,4/13/2006,157182.35604642332,251125.0153180007,145872.89466047287,545770.1181422174
4564,4/18/2006,46032.30145861581,469679.3948096186,5874.674583659507,473752.26506019384
4564,4/19/2006,97658.7204701379,386848.33809781075,7010.099818259478,479424.3492503613
4564,4/20/2006,41624.37025038898,1406091.6495669335,103420.86407097685,1406091.6495669335
4564,4/25/2006,95605.74064452946,86177.70309035294,141074.47194554983,288061.9325700137
4564,4/26/2006,109518.93071261048,86405.3477390483,220582.86566396058,592329.7921125889
4564,4/27/2006,49030.09799434338,466461.6975390613,214638.82613295317,1178566.7917078584
4615,3/7/2006,50407.042943551205,175866.18844360113,474421.83710870147,719391.2026252598
4615,3/8/2006,88182.9251271747,136441.45709639788,244923.82126817107,554143.8882118464
4615,3/9/2006,41577.724898442626,48330.33211147785,26209.86676619947,281218.66263470054
4615,3/14/2006,23788.821934349835,22288.130174858496,138791.14040540846,160151.29927545588
4615,3/15/2006,150509.01291172951,38428.73926386237,207585.19217428006,387956.2892264202
4615,3/16/2006,46720.18820808083,18483.42196680233,1933.4245620500296,111797.79739007354
4615,3/21/2006,55105.76874376787,922.8595974482596,156.06385704921558,55105.76874376787
4615,3/22/2006,13390.83744462533,149.36405405122787,129.62348339846358,13685.066197309876
4615,3/23/2006,182.1182221500203,193.80302975140512,259.99398665316403,424.39753715135157
4615,3/28/2006,43308.90359175205,177966.21310929582,73312.75719264854,569300.0820790678
4615,3/29/2006,18991.23105131369,80998.70911048632,36460.912927353755,91882.59614317864
4615,3/30/2006,16615.328968379647,146764.11181285977,6492.396014675964,184830.7087573707
4615,4/4/2006,781.041313951835,738.709518506017,533.307507797901,1252.9107734002173
4615,4/5/2006,443.82312599755824,711.192994043231,498.9936186547857,929.7002001982182
4615,4/6/2006,786.3294370011427,62869.67610692419,36830.60288667679,70756.84122271556
4615,4/11/2006,4229.072873307392,222974.70262156427,42513.01947867591,238029.39400097728
4615,4/12/2006,73436.56088163704,79989.12668176985,2247.4609560095705,222032.6053306032
4615,4/13/2006,112509.0970278494,19327.841291973367,191096.7121714428,445640.9673315808
4615,4/25/2006,13541.360894344747,52707.67089780455,124234.22278840467,222211.85352144018
4615,4/26/2006,79431.47382472456,30958.364220580086,165616.08306109905,409594.8082955703
4615,4/27/2006,28530.458925730083,53919.41833799239,142431.08793349564,393958.90341492
5772,3/7/2006,39352.75582927093,180406.77287080884,435136.0453182459,795374.3949543089
5772,3/8/2006,98058.54066254944,153428.3945066922,228115.9628265053,578573.4091910571
5772,3/9/2006,34202.1952335462,57908.73536940012,181827.92400408536,419182.8040821925
5772,3/14/2006,9145.59804308787,26334.322619406506,126207.47769718617,145376.40896029025
5772,3/15/2006,132886.3763749823,54136.95528586209,175056.4135190267,376539.7232510811
5772,3/16/2006,52641.631637400016,374991.8261721432,2356.534780596383,566773.6736156642
5772,3/21/2006,79144.05978961661,94354.60445807129,23852.650932864533,303330.0897675948
5772,3/22/2006,96989.51021051721,31419.617447426543,22918.05516001582,163725.1392149817
5772,3/23/2006,19692.01951442659,56077.1017750036,73361.32120544091,305374.82664922625
5772,3/28/2006,25121.864397644997,169053.24166008458,85197.67337402236,562679.7994401008
5772,3/29/2006,96405.87728596665,185640.99809720367,30070.976936981664,298103.6692690626
5772,3/30/2006,87050.36511547491,414649.99656850845,10090.998565146001,532517.7200314444
5772,4/11/2006,71345.19502903521,223737.50139686465,14901.025532118976,262384.10213288665
5772,4/12/2006,114524.56704093516,75823.22465703404,6087.849631825986,247403.4376668298
5772,4/13/2006,170353.41004551575,218943.15186160058,197727.9035360217,546360.3332837671
5772,4/18/2006,38175.03680499643,46545.142397958785,3325.338620482944,62466.71188639477
5772,4/19/2006,41654.27655812912,47616.61554234475,31732.880690191872,235069.5468120724
5772,4/20/2006,13272.661238484085,53584.08389983326,288426.6618656963,388212.2306895852
5870,2/19/2005,1622.9646032056771,191365.97106146812,19802.90300606005,205446.97375443578
5870,2/20/2005,8333.372064259835,778731.9521491528,46910.72240060568,950386.011530757
5870,2/21/2005,791.9646906983107,543253.4416147843,38637.76141887903,549527.9275948182
5870,2/22/2005,16523.11058749957,401768.3749239072,7467.458069436252,569639.9423869774
5870,2/23/2005,7377.319621801376,753219.6063735187,121451.53577350639,958027.8924451172
5870,2/24/2005,739.0534052476287,248279.423533082,9681.986605497077,340179.01281007007
5870,2/25/2005,13368.465447381139,119668.08007638273,11094.355275066744,206103.6263587214
5870,2/26/2005,5940.71657570079,424318.8079043678,53522.27442228608,455202.94465971505
5870,2/27/2005,3399.8197022955865,453643.849227251,45061.18343523145,453643.849227251
5870,2/28/2005,7439.806850969791,607804.2896644473,10902.312279130798,607804.2896644473
5870,3/1/2005,522.886441299459,941571.0144816041,8161.885071922094,943286.9662543237
5870,3/2/2005,21218.614347428083,14146.250155244023,1283.8827661545947,77225.42161246855
5870,3/3/2005,10532.622682291083,118260.78441063827,2695.417899250053,132927.31386767467
5870,3/4/2005,208.99477575113997,109013.37696834654,1070.5668610529974,109013.37696834654
5870,3/5/2005,629.7338472548872,63747.47105059773,1355.1806560549885,64874.47943393141
5870,3/6/2005,5563.926098603755,175621.65842321515,1805.9413456497714,182069.68889966607
5870,3/7/2005,1188.4599751485512,57095.29875158658,3766.022899254225,69009.76338406792
5870,3/8/2005,373.5196653017774,101362.6622869398,5244.933709154837,101362.6622869398
5870,3/9/2005,514.338645202195,115477.34091747366,1561.0827116938308,127449.51158045791
5870,3/10/2005,2606.8357534976676,124594.19507475104,9524.116301195696,169551.5591140343
5870,3/11/2005,297.12193899881095,173390.59177987743,6813.3957927674055,173544.98893432785
5870,3/12/2005,4916.8586927726865,194116.12399915326,5117.415904607624,233110.68366217613
5870,3/13/2005,1706.1922655934468,143719.96364073455,3022.7498233597726,166338.40739546716
5870,3/14/2005,1212.161243500188,219614.52088954765,1255.5344463009387,254249.32491764426
5870,3/15/2005,178.6149147003889,74591.26980155706,4376.605679761618,78113.3735159859
5909,3/14/2006,25949.660325396806,29598.109811591916,166893.42420626292,275421.3416194492
5909,3/15/2006,109997.70027092844,47500.068935245275,161245.53356827376,379475.9958630712
5909,3/16/2006,61047.47610753775,367565.484408021,3700.099723154679,562266.2867301702
5909,3/21/2006,201254.81295927288,34843.69154943526,499.8828508921433,328551.4825700042
5909,3/22/2006,21817.279158452526,101693.33168743551,162326.10183012486,590321.8047346473
5909,3/28/2006,1134.1516942549497,34702.37893724628,19443.668400027964,65576.39311163036
5909,3/29/2006,37899.07230902463,160041.56068384647,24709.61350520677,173297.08065845817
5909,3/30/2006,17320.194971000776,80691.60931416601,4747.284171169857,131554.20277824998
5909,4/4/2006,1302.5813246034086,1121.2533160009552,254.29626325238496,1987.6063431091607
5909,4/5/2006,518.9749203021638,1025.8294304031879,720.3293972038664,1280.1845983043313
5909,4/6/2006,840.2923735971563,45691.445207102224,8937.348798532039,47163.7569142827
5909,4/11/2006,108882.71937167645,160620.25959208608,41896.518608032726,303615.1176608801
5909,4/12/2006,57152.53326502442,163430.43426549435,2542.4829411767714,242456.24021276832
5909,4/13/2006,29495.474479865283,83500.01439516246,204347.84238095582,421152.7390310019
5909,4/18/2006,29644.811970852315,132646.62686609663,3462.237464498263,150170.56047513997
5909,4/19/2006,27532.28941884637,195267.21772767603,2816.104791026097,231719.9236272946
5909,4/20/2006,88740.35418446362,75829.11414961517,287457.926999673,369568.53057329333
5909,4/25/2006,42938.54615087062,90173.15532509796,110621.48944401368,231250.52520402148
5909,4/26/2006,91647.59862418473,41292.467469393276,212827.1513080448,613863.4424452335
5909,4/27/2006,18865.608448972926,30810.97489131242,159914.482823357,249199.26135343313
6070,3/21/2006,13488.918972495012,46246.38033938012,60143.36385851167,67847.80002090894
6070,3/22/2006,10697.844443805516,10684.347237057984,163040.64316367358,180619.47494821995
6070,3/23/2006,18786.79012575629,53689.31286752224,44470.31001695269,249305.32344783843
6070,3/28/2006,30869.385344516486,38617.74365649,32244.607843374484,135805.7341290787
6070,3/29/2006,23947.877330649644,167778.2795278579,28335.284933156334,235880.50896335393
6070,3/30/2006,87249.99411765113,407839.9155501723,711.9803059473634,534726.93407166
6070,4/4/2006,1306.0815011902014,1109.462638254743,525.1621596496552,1725.3048673430458
6070,4/5/2006,704.502455745358,1556.831491149962,790.0385289657861,2017.3198722414672
6070,4/6/2006,1028.808613654226,18598.184652183205,9141.95469822106,19405.496845003217
6070,4/11/2006,11926.68179551512,218988.76881933212,14572.972876138985,256570.9298504442
6070,4/12/2006,61690.26767803356,237982.09314474463,2972.730736957863,295147.7976953685
6070,4/13/2006,108922.07533836365,79189.3491973877,181808.42864875495,508672.56505768
6070,4/18/2006,43803.06584466249,706329.1435266435,5494.997264483478,731473.5550002381
6070,4/19/2006,72938.99625153095,112585.45876890421,102739.8481060008,374304.75632127025
6070,4/20/2006,9055.347679484636,1265178.6587016135,212579.49252673984,1270838.3813920468
6070,4/25/2006,58689.82952939719,57420.53968886845,110050.58344157785,230460.27845636383
6070,4/26/2006,115559.71387146413,81349.07485443354,167939.94556077593,543178.8347894999
6070,4/27/2006,40291.245343632996,86949.05576760042,310575.5455208793,583607.2452319562
6095,3/7/2006,62588.563494544476,222601.03583019972,437327.1647877097,836100.8168245852
6095,3/8/2006,231103.35789775994,85531.26390675892,181441.46968187764,347798.4869328812
6095,3/9/2006,26367.65462242067,35694.609474636614,126625.59834073484,344234.68633622676
6095,3/14/2006,18613.776388265193,29920.13342129439,137972.55969707994,172500.12320621638
6095,3/15/2006,213653.35527030006,18164.069335484877,1001.0089976554736,292641.7450282078
6095,3/16/2006,1000.8681771922857,19744.489201660268,6148.777271764353,54564.90088043176
6095,3/21/2006,44226.897244689055,71698.31962623913,9069.688792582601,102351.88273958024
6095,3/22/2006,20730.431574508548,9349.579456686508,14330.796976458281,40468.65141073428
6095,3/23/2006,,,771.1108681019396,771.1108681019396
6095,3/28/2006,33646.11277607083,196099.8172549568,100359.76143565355,584157.6380690485
6095,3/29/2006,44996.08762249164,98878.07517156005,54485.49813297484,216337.72230548412
6095,3/30/2006,15659.594305997714,120085.66372655076,4111.518132873811,153322.18185989652
6095,4/4/2006,458.2504104972613,480.29910225165077,629.966521055554,756.5224659508094
6095,4/5/2006,525.2245879006805,1024.5492918472737,451.32868240075186,1087.7647357510868
6095,4/6/2006,538.9192627482116,18482.668789587915,9494.701846178621,21469.272479008883
6095,4/11/2006,12212.13929024525,66973.26618136466,56371.72181376023,220186.46057103574
6095,4/12/2006,93311.57705840096,203026.97110522352,12335.109456149396,258149.48292792588
6095,4/13/2006,91064.57901252434,27991.789458892308,161052.07065695524,336683.98539705575
6095,4/18/2006,49264.30121871823,704772.6665937267,7951.228084523231,713655.7042108572
6095,4/19/2006,59882.15380037669,128939.34461385757,134095.3430255577,369118.8476031199
6095,4/20/2006,22116.125491501763,836678.8881565034,254581.75457561668,1325437.8035701215
6095,4/25/2006,13210.71836139448,46785.486124499235,123056.17021575384,242050.87233716063
6095,4/26/2006,107755.51116397977,45577.04739680514,276806.53203136474,622537.4958148003
6095,4/27/2006,16372.238096776186,452111.8108119145,193168.27339221537,732350.946713455
6447,3/7/2006,57607.03725722991,183223.69321935112,408578.94760622084,805510.6992336363
6447,3/8/2006,250136.09253110178,77833.17201184481,170583.59404857084,338390.1506435666
6447,3/9/2006,38929.84103102982,78850.04820747674,204846.1749062389,521614.29346978664
6447,3/14/2006,17537.24356706068,34065.892375867814,74368.4535843432,151339.08815362677
6447,3/15/2006,557.2072397968732,18617.845500560477,5706.637279979885,32303.140440043062
6447,3/16/2006,188288.22046958655,7928.53849426657,114477.4676729422,212479.29157608934
6447,3/21/2006,10412.413072274067,57997.81339860102,79044.11569415499,103430.072595275
6447,3/22/2006,9242.606822701753,29026.200796822086,33294.08341662027,59461.36089672148
6447,3/23/2006,21812.59689852409,29307.908544538543,145559.40324731916,251898.029146038
6447,3/28/2006,34654.99336620048,32714.623901683837,63248.66332918429,167711.29994612187
6447,3/29/2006,25457.86191099696,131278.1384612918,26124.638637261698,223449.48419895908
6447,3/30/2006,100532.9614423737,322138.18406943977,4665.171856292989,442817.785326276
6447,4/4/2006,18071.122672650963,19545.834409609437,831.9023632057942,55169.54420517385
6447,4/5/2006,2232.0547163095325,4571.021659283899,621.5127256959677,6462.069280900992
6447,4/6/2006,1369.0192075558007,55173.40470687859,18961.75206545368,62744.49744217191
6447,4/11/2006,36838.68523928593,197954.1593085192,52855.52998456638,271673.09389066696
6447,4/12/2006,43045.67867765948,32054.51158742234,845.7356591091957,108990.89501941763
6447,4/13/2006,7199.778252330609,17642.341573491693,9654.189665189944,32299.75272648409
6447,4/18/2006,70654.64956745878,218209.28716964956,5278.8035535831,219472.33453394118
6447,4/19/2006,68071.27654419933,104015.91238002479,101669.39105959237,345549.57652730495
6447,4/20/2006,16387.373631147435,104249.75975368917,140286.3414264361,441392.31502078474
6447,4/25/2006,23048.099762655795,78757.10834692791,121321.36066683382,260384.9142825082
6447,4/26/2006,105441.71129499376,57041.91225679219,254390.26966804266,586038.1303999126
6447,4/27/2006,30073.702413477004,93282.85003359616,166551.95777754113,486869.4962849617
6617,2/19/2005,6785.9632076993585,177105.52850966156,20385.416014924645,188028.29904010147
6617,2/20/2005,6285.413006588817,690973.1816365421,29817.202929836698,850295.8222288787
6617,2/21/2005,5378.448659801623,424289.6159425825,103943.38641394582,509618.59594012797
6617,2/22/2005,19312.46261478681,394199.85842381907,10420.57466390531,542075.6449721206
6617,2/23/2005,14175.424554423429,720270.0776572824,67111.42379185557,766232.5833471417
6617,2/24/2005,3204.4867008458823,332053.3357564695,8066.935230100527,343537.81882150844
6617,2/25/2005,407.7120427021291,407578.53672271967,9173.164243360981,412670.1837756336
6617,2/26/2005,8376.775706011802,380659.948510699,32820.15721886605,461788.49913506955
6617,2/27/2005,12139.642009864561,350365.3954101633,83632.82133074105,355789.9908283185
6617,2/28/2005,5285.214652547613,339183.2953670826,85858.67159926891,493119.4060101528
6617,3/1/2005,8426.191540773958,558008.2841539979,16506.590954616666,586935.3263909966
6617,3/2/2005,4566.243754182011,361276.0152552426,2599.625665694475,361276.0152552426
6617,3/3/2005,8669.05732544791,471770.7787024467,30882.02531810454,563370.5792016089
6617,3/4/2005,8070.621344342828,870493.1759911291,13798.014347266406,949604.4772777967
6617,3/5/2005,8693.880885988474,648373.3719453216,19654.952967409045,1031972.5863372386
6617,3/6/2005,8804.336956456304,8393.00118522346,3757.1254412978888,23032.540032420307
6617,3/7/2005,1711.8360411496833,302825.0557686589,2821.3011600431055,308500.0970136202
6617,3/8/2005,1869.8888763510622,39024.81593651511,10561.008762583137,43611.383625352755
6617,3/9/2005,480.4287677016109,252024.846534173,3059.766094855964,268771.0653946949
6617,3/10/2005,1830.9061224535108,284119.2952413261,19116.1381528154,301034.41038395464
6617,3/11/2005,8894.627582970075,175458.42424716754,1939.748604503693,179789.2849017731
6617,3/12/2005,2504.558749997057,51443.462633836374,4202.972416045144,62059.77590677451
6617,3/13/2005,499.91961360163987,382002.47113930434,3896.674722891301,382002.47113930434
6617,3/14/2005,1813.0787166953087,192962.05647918954,8020.064895746298,204256.1945293639
6617,3/15/2005,3158.617455457337,157757.46732205292,3675.207407090813,175222.51217529923
7504,3/7/2006,23420.401014412753,83588.77926226542,25232.69886360073,99819.41275173426
7504,3/8/2006,168096.94945588335,24046.858725883067,7252.439376614988,179400.19482723996
7504,3/9/2006,8037.740215033293,49176.84998714551,24029.92880629562,64675.18312637138
7504,3/14/2006,45251.68552334234,80257.89229062572,1286.5510393917793,97236.07036314439
7504,3/15/2006,96058.43650617055,131340.1000695899,51700.5210993588,200532.39825994894
7504,3/16/2006,102150.82512509078,126845.13858985528,56215.064834136516,223454.43306592852
7504,3/21/2006,61002.34858401725,120354.67786200345,2638.904700241983,126481.4403196969
7504,3/22/2006,10513.18114633765,42945.69819098711,102887.74473982304,104763.49629987031
7504,3/23/2006,128820.90586176142,282702.14548543096,132304.04890785785,368628.4362099618
7504,3/28/2006,13360.38392187329,37280.44540756196,32788.97962641297,124026.89801894128
7504,3/29/2006,16538.490915756673,163827.16472492507,26313.431635849643,195472.03653314104
7504,3/30/2006,12317.807168385014,237145.44181429595,4463.201372991083,266172.1886330268
7504,4/4/2006,1044.4392898548394,1019.0508567932993,518.8199401516467,1581.462099394761
7504,4/5/2006,702.9287063032389,1031.212615545839,473.2573065510951,1593.8481734443922
7504,4/6/2006,1411.7353267949075,9409.790461213794,7551.104844391346,16863.58156134747
7504,4/11/2006,52824.4303336665,633928.8686663806,42912.318874996156,658924.0182597637
7504,4/12/2006,87053.32453368232,194954.31512128562,3381.52642579237,242349.68723447295
7504,4/13/2006,74606.25953096291,198128.40121265873,159788.88816396892,477916.5342628956
7504,4/18/2006,61150.209339658264,220547.4948170036,6246.151194898412,248423.37744871248
7504,4/19/2006,59529.867013242096,349038.9219483882,13368.354875938036,414984.6650605351
7504,4/20/2006,16370.35378697887,1344428.316154644,21298.87201678031,1355343.824789539
7504,4/25/2006,22512.316736166365,210595.62586357258,7156.175918765366,264969.90870933793
7504,4/26/2006,115615.25831256807,72998.85956555605,216092.71723987162,538193.4775719345
7504,4/27/2006,41946.67827806715,99781.65008661058,134707.79472660646,243990.18894644827
8223,2/19/2005,4463.777450653724,215990.6976551935,22562.47790776193,230965.62356208265
8223,2/20/2005,6357.146954700351,748435.6824430525,24113.376524144784,903100.3076057434
8223,2/21/2005,3843.6515621561557,389952.7895857021,92238.10561439395,477143.4225336537
8223,2/22/2005,18628.501850776374,475593.07160812616,32107.449540957343,606847.7685231864
8223,2/23/2005,9010.373577884398,831251.5789858401,74328.94814305007,1002731.993524015
8223,2/24/2005,7998.209947295487,1245564.4341899306,3737.195719204843,1302512.0747276694
8223,2/25/2005,11806.079509445466,524126.4308046028,1378.1677543967962,618223.7721460462
8223,2/26/2005,11925.729104515165,345176.11620923877,126999.28740310669,435151.4478984624
8223,2/27/2005,7335.8259385079145,510068.9301093519,65499.28633273952,558762.7625060529
8223,2/28/2005,21551.918193936348,489143.3182512298,63508.1020193845,509393.4099883437
8223,3/1/2005,8397.666993401945,507535.89343381044,9385.143848041538,573108.5683447625
8223,3/2/2005,3635.459724562941,450535.7383099124,37376.037255498115,537017.8021582961
8223,3/3/2005,3249.725672012195,8370.889430239797,2582.6882013026625,10452.497950033285
8223,3/4/2005,2694.0402376996353,133055.90523161925,2622.7066664621234,148750.60095743276
8223,3/5/2005,3093.893777246587,168403.82840011455,1931.1225222423673,178608.9014053736
8223,3/6/2005,2028.8317024977878,56442.478285405785,1405.1072644013911,58131.07404240966
8223,3/7/2005,24479.164383839816,194936.4592442084,1541.3655325954314,276498.23269942775
8223,3/8/2005,1658.2036135047674,202801.90083411243,1998.6481961011887,213848.61296257284
8223,3/9/2005,4068.011503590271,162208.74666020274,2111.6734964940697,176883.8042154014
8223,3/10/2005,1047.508049310185,171460.19530059537,1674.3497040001675,180665.69134972012
8223,3/11/2005,1952.0033164527267,409433.3372694999,4758.361724651419,409433.3372694999
8223,3/12/2005,4674.256234299857,80151.7865156401,3471.9836692949757,89622.9452885855
8223,3/13/2005,577.332860395778,243196.93506459333,5891.75729252398,319801.4179325653
8223,3/14/2005,7428.206263139844,71768.65034470707,4205.06921180943,92297.13026052713
8223,3/15/2005,9292.532364569604,57385.60234191269,8988.059384096414,69574.5544160083
8579,3/7/2006,51901.692879801616,284908.1292273104,477480.4357368797,884220.2600312382
8579,3/8/2006,110234.36218939722,77439.0940877106,193004.1646949835,307083.10893606767
8579,3/9/2006,46168.10831924528,59155.14649229497,454917.8980948776,494855.91783060133
8579,3/14/2006,70683.90863272035,83366.14935438382,643.5265323940548,100406.24149086792
8579,3/15/2006,186433.1478934139,39359.828156664036,172645.06337876432,300963.31320675276
8579,3/16/2006,79072.24840291217,33554.23204911128,2506.0184495975263,101725.19263722003
8579,3/21/2006,76508.56436880864,66018.5402959697,63736.927922823466,99187.23572344147
8579,3/22/2006,21756.956146452576,34200.9099406898,282002.5456969198,325732.34786119126
8579,3/23/2006,524711.0432442501,126346.4497153014,65229.486549315974,696711.8436319977
8579,3/28/2006,35967.4257427603,34364.96724221483,15988.671156719327,104668.02817030996
8579,3/29/2006,52574.15929979971,169280.04967647046,29315.414699424524,227356.36127442867
8579,3/30/2006,90624.33859083056,394990.9640544355,485.5735895931721,528540.7363313437
8579,4/4/2006,761.2602983014658,1041.5332821402699,466.2779010965023,1600.3305468475446
8579,4/5/2006,758.6728276023641,983.6626364504918,538.4605888521764,1263.465988304466
8579,4/6/2006,1048.2672759490088,95822.29822839197,27675.71350964089,103285.34106667247
8579,4/11/2006,34838.809874479586,227784.87894149125,15338.52813057974,289575.78288829327
8579,4/12/2006,45481.75358764827,208899.79225614667,13093.142497524153,289814.99274523905
8579,4/13/2006,186882.93107900023,20447.525904230773,206494.3189098239,539354.6535630226
8579,4/18/2006,37366.36133658141,174933.00002508983,51011.23321137205,175456.9777494166
8579,4/19/2006,41029.27958456613,472038.8757203743,9283.790245633572,514045.5411173925
8579,4/20/2006,38138.41421081871,1296234.607200414,79673.40473016781,1318510.0594958365
8579,4/25/2006,35109.48713581823,188705.7476022672,1907.9802927542478,243903.6108689513
8579,4/26/2006,124415.2263284754,36794.0773662515,218079.26306060702,492662.7756816596
8579,4/27/2006,17857.638456691056,86015.10924525652,64336.12776343897,165259.09633104876
8742,3/7/2006,58083.44462983683,183424.79852345586,488683.8637059033,786510.9937709868
8742,3/8/2006,91687.92596965283,172327.2949679792,262547.6973361373,551942.0464268476
8742,3/9/2006,45494.76588893682,35697.239908114076,464983.411518801,533896.9763661698
8742,3/14/2006,17982.23773816228,37820.809116862714,241856.3626814105,265132.6329778463
8742,3/15/2006,13707.699999384582,44912.691078173,254577.04782957654,370487.69756374066
8742,3/16/2006,29326.34536646679,67420.44295439869,17331.60795438476,215788.39644294977
8742,3/21/2006,106669.1311018765,137548.27834177064,62671.72340781242,171911.21090853587
8742,3/22/2006,11497.756500106305,35521.70199755579,324277.39811070263,375711.7097187638
8742,3/23/2006,516086.6914757341,199206.3162291795,102990.7829228118,626606.0623241067
8742,3/28/2006,52260.41259020567,178732.89664102718,172857.56846963568,570747.7265851945
8742,3/29/2006,15808.245680412278,138288.6776761189,29769.955466289073,210013.44264891744
8742,3/30/2006,74021.8282786794,407896.94067269564,4774.097134100739,532400.6997661889
8742,4/4/2006,676.7546993545257,1805.543290393427,451.7705585001968,2014.776643450372
8742,4/5/2006,780.0317920496454,1179.20777194947,827.3324301519897,1373.9124846509658
8742,4/6/2006,946.6020292472094,81706.49866490252,28546.40315811336,82044.06821156666
8742,4/11/2006,123959.35753656924,341802.3612972796,240034.38940948248,1531137.8207882047
8742,4/12/2006,113263.03886115551,224473.22343913466,713.6594607089646,252833.38910323242
8742,4/13/2006,42769.93252889812,93399.89449521899,192466.63902947307,426728.8039520383
8742,4/18/2006,50229.864555159584,117816.28347550333,4325.550412302837,133516.01094655693
8742,4/19/2006,73728.27773477137,51516.15435871482,86439.05456409603,422028.66019010544
8742,4/20/2006,21259.770653236657,1355434.3637309074,5902.083443535725,1356398.8237400055
8742,4/25/2006,55950.17325336486,63780.50203092396,120388.19335011393,250216.668102324
8742,4/26/2006,102498.57058084011,46523.27180508152,241392.08823034167,634110.0660965145
8742,4/27/2006,15585.789104992524,72073.4169767918,130571.02029580809,230817.81473738886
8833,3/14/2006,25433.10564305354,28570.827043934725,254883.87238042802,280889.888353996
8833,3/15/2006,11175.143592667766,55476.12168635428,148608.0609716326,388418.7114352081
8833,3/16/2006,64795.58399955183,377486.748448208,1328.019082707353,560309.2192250341
8833,3/21/2006,95442.38918871898,97832.1176385209,28658.83586559212,304986.0682300404
8833,3/22/2006,96866.01689251978,58413.97914202511,370189.0485202335,412831.19462667336
8833,3/23/2006,572248.8740027659,52890.31640333682,133149.72395314276,685852.9752275199
8833,3/28/2006,62868.33017830551,175300.64759456553,140461.33573134802,601912.2920508087
8833,3/29/2006,13339.469861730933,189604.0141888857,31966.61003337009,242748.1526599601
8833,3/30/2006,118172.49399829283,447888.44501563907,3778.4059312320314,556268.6349878311
8833,4/4/2006,867.9471579445526,773.2957160398364,407.91288880095817,1537.3894413020462
8833,4/5/2006,578.2709085978568,1186.8893293505535,518.1420472995378,1438.1329878950492
8833,4/6/2006,1199.3590220445767,82641.18666312192,15217.022981576622,86530.19351011142
8833,4/11/2006,134223.08945524693,334413.0221081972,11172.792395306751,369013.5209008455
8833,4/12/2006,99495.50436779857,109148.82025339454,7929.602620817255,197948.16069648415
8833,4/13/2006,75953.30371668935,230652.55983893573,192514.9167366326,541402.6889287382
8833,4/18/2006,23957.585711429827,230379.4404624775,190.31233615335077,256845.2643638102
8833,4/19/2006,13037.72007958591,127079.32297073305,11791.70851685293,467131.9877237454
8833,4/25/2006,64713.95321279764,54908.468368517235,93741.16377690062,222228.96495919302
8833,4/26/2006,125076.68794980645,31879.7286959067,242405.31434172392,612718.1974223107
8833,4/27/2006,30021.086645353585,86170.30351411924,161263.02314797044,407973.6562984437
8864,3/7/2006,38612.83701977506,233484.30213438626,484971.9291498214,864696.1104966402
8864,3/8/2006,89844.64571702108,20072.62326490041,1111.6248386064544,149068.82339727506
8864,3/9/2006,2431.1129138097167,188521.5585826505,428949.2976502066,501015.1020319965
8864,3/21/2006,71730.36689797044,19990.115115324035,68426.11713345768,108534.93108071387
8864,3/22/2006,23622.542690582573,16664.36539068632,27043.594627389684,49401.86702734232
8864,3/23/2006,110085.7040126659,78269.99753013998,73722.9536024034,179489.86695139483
8864,3/28/2006,91247.11619071662,197718.23157159332,81205.44146400597,626226.8048891723
8864,3/29/2006,45790.47504153941,113195.84125105292,4820.279874688014,132067.8412917927
8864,3/30/2006,24399.366684274748,202307.32506524026,3949.8793849372305,241835.37068244955
8864,4/4/2006,1253.476624099072,750.6790755456313,280.5378025540558,2457.424148498103
8864,4/5/2006,700.0221360540017,1156.9634332060814,467.5282171013532,1400.4712244044058
8864,4/6/2006,996.9484207985224,14900.017896389589,18851.38622930646,30079.711147763766
8864,4/11/2006,49023.70329730213,334380.7567583248,7703.155534408055,336559.89243684337
8864,4/12/2006,142955.98436305672,154217.92696681106,2303.382860095706,289237.215426323
8864,4/13/2006,202863.1585491374,144572.5018978864,211293.58047959208,740247.7185370326
8864,4/18/2006,29942.59184049815,705723.5804557502,4827.526960144518,723858.2347829342
8864,4/19/2006,64048.22302892408,74658.56691916008,72368.426505927,353891.96897196025
8864,4/20/2006,15955.115151353413,57127.51430682838,286951.92167688906,358923.09905926883
8864,4/25/2006,20698.24437214993,209975.40584272426,2641.3255087174475,250596.5264572082
8864,4/26/2006,117180.90575516224,77463.75726240873,205668.3566456735,658629.2984674722
8864,4/27/2006,21090.423285920173,42652.42970321607,28973.15259616077,109237.24303459004
