Pixel,Northing,Easting,Vegetation class
1,5132194.3,434273.6,4
2,5132209.3,434273.6,4
3,5132209.3,434288.6,4
4,5132224.3,434273.6,4
5,5132224.3,434288.6,4
6,5132224.3,434303.6,4
7,5132224.3,434318.6,4
8,5132239.3,434288.6,4
9,5132239.3,434303.6,4
10,5132239.3,434318.6,4
11,5132239.3,434333.6,4
12,5132239.3,434348.6,4
13,5132254.3,434303.6,4
14,5132254.3,434318.6,4
15,5132254.3,434333.6,4
16,5132254.3,434348.6,4
17,5132254.3,434363.6,4
18,5132254.3,434378.6,4
19,5132269.3,434303.6,4
20,5132269.3,434318.6,4
21,5132269.3,434333.6,4
22,5132269.3,434348.6,4
23,5132269.3,434363.6,4
24,5132269.3,434378.6,4
25,5132269.3,434393.6,4
26,5132269.3,434408.6,4
27,5132284.3,434318.6,4
28,5132284.3,434333.6,4
29,5132284.3,434348.6,4
30,5132284.3,434363.6,4
31,5132284.3,434378.6,4
32,5132284.3,434393.6,4
33,5132284.3,434408.6,4
34,5132284.3,434423.6,4
35,5132284.3,434438.6,4
36,5132299.3,434318.6,4
37,5132299.3,434333.6,4
38,5132299.3,434348.6,4
39,5132299.3,434363.6,4
40,5132299.3,434378.6,4
41,5132299.3,434393.6,4
42,5132299.3,434408.6,4
43,5132299.3,434423.6,4
44,5132299.3,434438.6,4
45,5132299.3,434453.6,4
46,5132299.3,434468.6,4
47,5132299.3,434483.6,4
48,5132314.3,434333.6,4
49,5132314.3,434348.6,4
50,5132314.3,434363.6,4
51,5132314.3,434378.6,4
52,5132314.3,434393.6,4
53,5132314.3,434408.6,4
54,5132314.3,434423.6,4
55,5132314.3,434438.6,4
56,5132314.3,434453.6,4
57,5132314.3,434468.6,4
58,5132314.3,434483.6,4
59,5132314.3,434498.6,4
60,5132314.3,434513.6,4
61,5132329.3,434333.6,4
62,5132329.3,434348.6,4
63,5132329.3,434363.6,4
64,5132329.3,434378.6,4
65,5132329.3,434393.6,4
66,5132329.3,434408.6,4
67,5132329.3,434423.6,4
68,5132329.3,434438.6,4
69,5132329.3,434453.6,4
70,5132329.3,434468.6,4
71,5132329.3,434483.6,2
72,5132329.3,434498.6,2
73,5132329.3,434513.6,2
74,5132329.3,434528.6,4
75,5132329.3,434543.6,4
76,5132344.3,434348.6,4
77,5132344.3,434363.6,4
78,5132344.3,434378.6,4
79,5132344.3,434393.6,4
80,5132344.3,434408.6,4
81,5132344.3,434423.6,4
82,5132344.3,434438.6,4
83,5132344.3,434453.6,4
84,5132344.3,434468.6,4
85,5132344.3,434483.6,2
86,5132344.3,434498.6,2
87,5132344.3,434513.6,2
88,5132344.3,434528.6,2
89,5132344.3,434543.6,4
90,5132344.3,434558.6,4
91,5132344.3,434573.6,4
92,5132359.3,434348.6,2
93,5132359.3,434363.6,4
94,5132359.3,434378.6,4
95,5132359.3,434393.6,4
96,5132359.3,434408.6,4
97,5132359.3,434423.6,4
98,5132359.3,434438.6,4
99,5132359.3,434453.6,4
100,5132359.3,434468.6,4
101,5132359.3,434483.6,4
102,5132359.3,434498.6,2
103,5132359.3,434513.6,2
104,5132359.3,434528.6,2
105,5132359.3,434543.6,2
106,5132359.3,434558.6,4
107,5132359.3,434573.6,4
108,5132359.3,434588.6,4
109,5132359.3,434603.6,4
110,5132374.3,434363.6,4
111,5132374.3,434378.6,4
112,5132374.3,434393.6,4
113,5132374.3,434408.6,4
114,5132374.3,434423.6,4
115,5132374.3,434438.6,4
116,5132374.3,434453.6,4
117,5132374.3,434468.6,4
118,5132374.3,434483.6,4
119,5132374.3,434498.6,4
120,5132374.3,434513.6,2
121,5132374.3,434528.6,2
122,5132374.3,434543.6,2
123,5132374.3,434558.6,4
124,5132374.3,434573.6,4
125,5132374.3,434588.6,4
126,5132374.3,434603.6,4
127,5132374.3,434618.6,4
128,5132389.3,434378.6,4
129,5132389.3,434393.6,4
130,5132389.3,434408.6,4
131,5132389.3,434423.6,4
132,5132389.3,434438.6,4
133,5132389.3,434453.6,4
134,5132389.3,434468.6,4
135,5132389.3,434483.6,4
136,5132389.3,434498.6,4
137,5132389.3,434513.6,4
138,5132389.3,434528.6,4
139,5132389.3,434543.6,4
140,5132389.3,434558.6,4
141,5132389.3,434573.6,4
142,5132389.3,434588.6,4
143,5132389.3,434603.6,4
144,5132389.3,434618.6,4
145,5132389.3,434633.6,4
146,5132389.3,434648.6,4
147,5132404.3,434378.6,4
148,5132404.3,434393.6,4
149,5132404.3,434408.6,4
150,5132404.3,434423.6,4
151,5132404.3,434438.6,4
152,5132404.3,434453.6,4
153,5132404.3,434468.6,4
154,5132404.3,434483.6,4
155,5132404.3,434498.6,4
156,5132404.3,434513.6,4
157,5132404.3,434528.6,4
158,5132404.3,434543.6,4
159,5132404.3,434558.6,4
160,5132404.3,434573.6,4
161,5132404.3,434588.6,4
162,5132404.3,434603.6,4
163,5132404.3,434618.6,4
164,5132404.3,434633.6,4
165,5132404.3,434648.6,4
166,5132404.3,434663.6,4
167,5132404.3,434678.6,4
168,5132419.3,434393.6,3
169,5132419.3,434408.6,3
170,5132419.3,434423.6,4
171,5132419.3,434438.6,4
172,5132419.3,434453.6,2
173,5132419.3,434468.6,4
174,5132419.3,434483.6,4
175,5132419.3,434498.6,4
176,5132419.3,434513.6,4
177,5132419.3,434528.6,4
178,5132419.3,434543.6,4
179,5132419.3,434558.6,4
180,5132419.3,434573.6,4
181,5132419.3,434588.6,4
182,5132419.3,434603.6,2
183,5132419.3,434618.6,4
184,5132419.3,434633.6,4
185,5132419.3,434648.6,4
186,5132419.3,434663.6,4
187,5132419.3,434678.6,4
188,5132419.3,434693.6,4
189,5132434.3,434393.6,3
190,5132434.3,434408.6,3
191,5132434.3,434423.6,2
192,5132434.3,434438.6,2
193,5132434.3,434453.6,2
194,5132434.3,434468.6,4
195,5132434.3,434483.6,2
196,5132434.3,434498.6,4
197,5132434.3,434513.6,4
198,5132434.3,434528.6,4
199,5132434.3,434543.6,4
200,5132434.3,434558.6,4
201,5132434.3,434573.6,4
202,5132434.3,434588.6,2
203,5132434.3,434603.6,2
204,5132434.3,434618.6,2
205,5132434.3,434633.6,4
206,5132434.3,434648.6,4
207,5132434.3,434663.6,4
208,5132434.3,434678.6,4
209,5132434.3,434693.6,4
210,5132434.3,434708.6,4
211,5132434.3,434723.6,4
212,5132449.3,434408.6,3
213,5132449.3,434423.6,4
214,5132449.3,434438.6,2
215,5132449.3,434453.6,2
216,5132449.3,434468.6,4
217,5132449.3,434483.6,2
218,5132449.3,434498.6,4
219,5132449.3,434513.6,2
220,5132449.3,434528.6,4
221,5132449.3,434543.6,4
222,5132449.3,434558.6,4
223,5132449.3,434573.6,4
224,5132449.3,434588.6,2
225,5132449.3,434603.6,2
226,5132449.3,434618.6,3
227,5132449.3,434633.6,3
228,5132449.3,434648.6,3
229,5132449.3,434663.6,3
230,5132449.3,434678.6,3
231,5132449.3,434693.6,4
232,5132449.3,434708.6,4
233,5132449.3,434723.6,4
234,5132449.3,434738.6,4
235,5132449.3,434753.6,4
236,5132464.3,434408.6,3
237,5132464.3,434423.6,4
238,5132464.3,434438.6,2
239,5132464.3,434453.6,2
240,5132464.3,434468.6,4
241,5132464.3,434483.6,4
242,5132464.3,434498.6,4
243,5132464.3,434513.6,4
244,5132464.3,434528.6,2
245,5132464.3,434543.6,2
246,5132464.3,434558.6,2
247,5132464.3,434573.6,4
248,5132464.3,434588.6,2
249,5132464.3,434603.6,3
250,5132464.3,434618.6,3
251,5132464.3,434633.6,3
252,5132464.3,434648.6,3
253,5132464.3,434663.6,3
254,5132464.3,434678.6,3
255,5132464.3,434693.6,4
256,5132464.3,434708.6,4
257,5132464.3,434723.6,4
258,5132464.3,434738.6,4
259,5132464.3,434753.6,4
260,5132464.3,434768.6,4
261,5132479.3,434423.6,2
262,5132479.3,434438.6,2
263,5132479.3,434453.6,2
264,5132479.3,434468.6,2
265,5132479.3,434483.6,4
266,5132479.3,434498.6,4
267,5132479.3,434513.6,4
268,5132479.3,434528.6,4
269,5132479.3,434543.6,2
270,5132479.3,434558.6,2
271,5132479.3,434573.6,4
272,5132479.3,434588.6,4
273,5132479.3,434603.6,3
274,5132479.3,434618.6,3
275,5132479.3,434633.6,4
276,5132479.3,434648.6,4
277,5132479.3,434663.6,4
278,5132479.3,434678.6,4
279,5132479.3,434693.6,4
280,5132479.3,434708.6,4
281,5132479.3,434723.6,4
282,5132479.3,434738.6,4
283,5132479.3,434753.6,4
284,5132479.3,434768.6,4
285,5132479.3,434783.6,4
286,5132479.3,434798.6,4
287,5132494.3,434423.6,2
288,5132494.3,434438.6,2
289,5132494.3,434453.6,2
290,5132494.3,434468.6,2
291,5132494.3,434483.6,2
292,5132494.3,434498.6,2
293,5132494.3,434513.6,4
294,5132494.3,434528.6,2
295,5132494.3,434543.6,2
296,5132494.3,434558.6,2
297,5132494.3,434573.6,4
298,5132494.3,434588.6,4
299,5132494.3,434603.6,4
300,5132494.3,434618.6,4
301,5132494.3,434633.6,4
302,5132494.3,434648.6,4
303,5132494.3,434663.6,4
304,5132494.3,434678.6,4
305,5132494.3,434693.6,4
306,5132494.3,434708.6,4
307,5132494.3,434723.6,4
308,5132494.3,434738.6,4
309,5132494.3,434753.6,2
310,5132494.3,434768.6,2
311,5132494.3,434783.6,4
312,5132494.3,434798.6,4
313,5132494.3,434813.6,4
314,5132494.3,434828.6,4
315,5132509.3,434438.6,2
316,5132509.3,434453.6,2
317,5132509.3,434468.6,2
318,5132509.3,434483.6,2
319,5132509.3,434498.6,2
320,5132509.3,434513.6,2
321,5132509.3,434528.6,2
322,5132509.3,434543.6,2
323,5132509.3,434558.6,2
324,5132509.3,434573.6,4
325,5132509.3,434588.6,4
326,5132509.3,434603.6,4
327,5132509.3,434618.6,4
328,5132509.3,434633.6,4
329,5132509.3,434648.6,4
330,5132509.3,434663.6,4
331,5132509.3,434678.6,4
332,5132509.3,434693.6,4
333,5132509.3,434708.6,4
334,5132509.3,434723.6,4
335,5132509.3,434738.6,2
336,5132509.3,434753.6,2
337,5132509.3,434768.6,2
338,5132509.3,434783.6,4
339,5132509.3,434798.6,4
340,5132509.3,434813.6,4
341,5132509.3,434828.6,2
342,5132509.3,434843.6,2
343,5132524.3,434453.6,2
344,5132524.3,434468.6,2
345,5132524.3,434483.6,2
346,5132524.3,434498.6,2
347,5132524.3,434513.6,2
348,5132524.3,434528.6,2
349,5132524.3,434543.6,2
350,5132524.3,434558.6,4
351,5132524.3,434573.6,4
352,5132524.3,434588.6,4
353,5132524.3,434603.6,4
354,5132524.3,434618.6,4
355,5132524.3,434633.6,4
356,5132524.3,434648.6,4
357,5132524.3,434663.6,4
358,5132524.3,434678.6,4
359,5132524.3,434693.6,4
360,5132524.3,434708.6,4
361,5132524.3,434723.6,4
362,5132524.3,434738.6,2
363,5132524.3,434753.6,2
364,5132524.3,434768.6,4
365,5132524.3,434783.6,4
366,5132524.3,434798.6,4
367,5132524.3,434813.6,2
368,5132524.3,434828.6,2
369,5132524.3,434843.6,2
370,5132524.3,434858.6,2
371,5132524.3,434873.6,5
372,5132539.3,434453.6,2
373,5132539.3,434468.6,2
374,5132539.3,434483.6,2
375,5132539.3,434498.6,3
376,5132539.3,434513.6,3
377,5132539.3,434528.6,3
378,5132539.3,434543.6,4
379,5132539.3,434558.6,4
380,5132539.3,434573.6,4
381,5132539.3,434588.6,4
382,5132539.3,434603.6,4
383,5132539.3,434618.6,4
384,5132539.3,434633.6,4
385,5132539.3,434648.6,4
386,5132539.3,434663.6,4
387,5132539.3,434678.6,2
388,5132539.3,434693.6,2
389,5132539.3,434708.6,2
390,5132539.3,434723.6,4
391,5132539.3,434738.6,4
392,5132539.3,434753.6,4
393,5132539.3,434768.6,4
394,5132539.3,434783.6,4
395,5132539.3,434798.6,4
396,5132539.3,434813.6,2
397,5132539.3,434828.6,2
398,5132539.3,434843.6,2
399,5132539.3,434858.6,2
400,5132539.3,434873.6,2
401,5132539.3,434888.6,2
402,5132539.3,434903.6,5
403,5132554.3,434468.6,2
404,5132554.3,434483.6,3
405,5132554.3,434498.6,3
406,5132554.3,434513.6,3
407,5132554.3,434528.6,4
408,5132554.3,434543.6,4
409,5132554.3,434558.6,4
410,5132554.3,434573.6,4
411,5132554.3,434588.6,4
412,5132554.3,434603.6,4
413,5132554.3,434618.6,4
414,5132554.3,434633.6,4
415,5132554.3,434648.6,4
416,5132554.3,434663.6,2
417,5132554.3,434678.6,2
418,5132554.3,434693.6,2
419,5132554.3,434708.6,4
420,5132554.3,434723.6,4
421,5132554.3,434738.6,4
422,5132554.3,434753.6,4
423,5132554.3,434768.6,4
424,5132554.3,434783.6,4
425,5132554.3,434798.6,4
426,5132554.3,434813.6,2
427,5132554.3,434828.6,2
428,5132554.3,434843.6,2
429,5132554.3,434858.6,2
430,5132554.3,434873.6,2
431,5132554.3,434888.6,2
432,5132554.3,434903.6,2
433,5132554.3,434918.6,5
434,5132569.3,434468.6,4
435,5132569.3,434483.6,4
436,5132569.3,434498.6,4
437,5132569.3,434513.6,4
438,5132569.3,434528.6,4
439,5132569.3,434543.6,4
440,5132569.3,434558.6,4
441,5132569.3,434573.6,4
442,5132569.3,434588.6,4
443,5132569.3,434603.6,4
444,5132569.3,434618.6,4
445,5132569.3,434633.6,4
446,5132569.3,434648.6,2
447,5132569.3,434663.6,2
448,5132569.3,434678.6,2
449,5132569.3,434693.6,4
450,5132569.3,434708.6,4
451,5132569.3,434723.6,4
452,5132569.3,434738.6,4
453,5132569.3,434753.6,4
454,5132569.3,434768.6,4
455,5132569.3,434783.6,4
456,5132569.3,434798.6,4
457,5132569.3,434813.6,2
458,5132569.3,434828.6,2
459,5132569.3,434843.6,2
460,5132569.3,434858.6,2
461,5132569.3,434873.6,2
462,5132569.3,434888.6,2
463,5132569.3,434903.6,2
464,5132569.3,434918.6,2
465,5132569.3,434933.6,4
466,5132569.3,434948.6,4
467,5132584.3,434468.6,4
468,5132584.3,434483.6,4
469,5132584.3,434498.6,4
470,5132584.3,434513.6,4
471,5132584.3,434528.6,4
472,5132584.3,434543.6,4
473,5132584.3,434558.6,4
474,5132584.3,434573.6,4
475,5132584.3,434588.6,4
476,5132584.3,434603.6,4
477,5132584.3,434618.6,4
478,5132584.3,434633.6,2
479,5132584.3,434648.6,2
480,5132584.3,434663.6,2
481,5132584.3,434678.6,4
482,5132584.3,434693.6,4
483,5132584.3,434708.6,4
484,5132584.3,434723.6,4
485,5132584.3,434738.6,4
486,5132584.3,434753.6,4
487,5132584.3,434768.6,4
488,5132584.3,434783.6,4
489,5132584.3,434798.6,4
490,5132584.3,434813.6,2
491,5132584.3,434828.6,2
492,5132584.3,434843.6,2
493,5132584.3,434858.6,2
494,5132584.3,434873.6,2
495,5132584.3,434888.6,2
496,5132584.3,434903.6,2
497,5132584.3,434918.6,2
498,5132584.3,434933.6,4
499,5132584.3,434948.6,4
500,5132584.3,434963.6,4
501,5132599.3,434468.6,4
502,5132599.3,434483.6,4
503,5132599.3,434498.6,4
504,5132599.3,434513.6,4
505,5132599.3,434528.6,4
506,5132599.3,434543.6,4
507,5132599.3,434558.6,4
508,5132599.3,434573.6,4
509,5132599.3,434588.6,4
510,5132599.3,434603.6,4
511,5132599.3,434618.6,2
512,5132599.3,434633.6,2
513,5132599.3,434648.6,2
514,5132599.3,434663.6,2
515,5132599.3,434678.6,2
516,5132599.3,434693.6,4
517,5132599.3,434708.6,4
518,5132599.3,434723.6,4
519,5132599.3,434738.6,2
520,5132599.3,434753.6,4
521,5132599.3,434768.6,4
522,5132599.3,434783.6,4
523,5132599.3,434798.6,4
524,5132599.3,434813.6,2
525,5132599.3,434828.6,2
526,5132599.3,434843.6,2
527,5132599.3,434858.6,2
528,5132599.3,434873.6,2
529,5132599.3,434888.6,2
530,5132599.3,434903.6,2
531,5132599.3,434918.6,2
532,5132599.3,434933.6,2
533,5132599.3,434948.6,2
534,5132599.3,434963.6,4
535,5132599.3,434978.6,4
536,5132614.3,434468.6,4
537,5132614.3,434483.6,4
538,5132614.3,434498.6,4
539,5132614.3,434513.6,4
540,5132614.3,434528.6,4
541,5132614.3,434543.6,4
542,5132614.3,434558.6,4
543,5132614.3,434573.6,4
544,5132614.3,434588.6,2
545,5132614.3,434603.6,2
546,5132614.3,434618.6,2
547,5132614.3,434633.6,2
548,5132614.3,434648.6,2
549,5132614.3,434663.6,2
550,5132614.3,434678.6,2
551,5132614.3,434693.6,2
552,5132614.3,434708.6,2
553,5132614.3,434723.6,2
554,5132614.3,434738.6,2
555,5132614.3,434753.6,2
556,5132614.3,434768.6,4
557,5132614.3,434783.6,4
558,5132614.3,434798.6,4
559,5132614.3,434813.6,4
560,5132614.3,434828.6,2
561,5132614.3,434843.6,2
562,5132614.3,434858.6,2
563,5132614.3,434873.6,2
564,5132614.3,434888.6,2
565,5132614.3,434903.6,2
566,5132614.3,434918.6,4
567,5132614.3,434933.6,4
568,5132614.3,434948.6,4
569,5132614.3,434963.6,4
570,5132614.3,434978.6,4
571,5132629.3,434468.6,4
572,5132629.3,434483.6,4
573,5132629.3,434498.6,4
574,5132629.3,434513.6,4
575,5132629.3,434528.6,4
576,5132629.3,434543.6,4
577,5132629.3,434558.6,4
578,5132629.3,434573.6,2
579,5132629.3,434588.6,2
580,5132629.3,434603.6,2
581,5132629.3,434618.6,2
582,5132629.3,434633.6,2
583,5132629.3,434648.6,2
584,5132629.3,434663.6,2
585,5132629.3,434678.6,2
586,5132629.3,434693.6,2
587,5132629.3,434708.6,2
588,5132629.3,434723.6,2
589,5132629.3,434738.6,2
590,5132629.3,434753.6,4
591,5132629.3,434768.6,4
592,5132629.3,434783.6,4
593,5132629.3,434798.6,4
594,5132629.3,434813.6,4
595,5132629.3,434828.6,4
596,5132629.3,434843.6,2
597,5132629.3,434858.6,2
598,5132629.3,434873.6,2
599,5132629.3,434888.6,2
600,5132629.3,434903.6,2
601,5132629.3,434918.6,4
602,5132629.3,434933.6,4
603,5132629.3,434948.6,4
604,5132629.3,434963.6,4
605,5132629.3,434978.6,4
606,5132644.3,434468.6,4
607,5132644.3,434483.6,4
608,5132644.3,434498.6,4
609,5132644.3,434513.6,4
610,5132644.3,434528.6,4
611,5132644.3,434543.6,4
612,5132644.3,434558.6,4
613,5132644.3,434573.6,2
614,5132644.3,434588.6,2
615,5132644.3,434603.6,2
616,5132644.3,434618.6,2
617,5132644.3,434633.6,2
618,5132644.3,434648.6,2
619,5132644.3,434663.6,2
620,5132644.3,434678.6,2
621,5132644.3,434693.6,2
622,5132644.3,434708.6,2
623,5132644.3,434723.6,2
624,5132644.3,434738.6,2
625,5132644.3,434753.6,4
626,5132644.3,434768.6,4
627,5132644.3,434783.6,4
628,5132644.3,434798.6,4
629,5132644.3,434813.6,4
630,5132644.3,434828.6,4
631,5132644.3,434843.6,4
632,5132644.3,434858.6,4
633,5132644.3,434873.6,4
634,5132644.3,434888.6,4
635,5132644.3,434903.6,4
636,5132644.3,434918.6,4
637,5132644.3,434933.6,4
638,5132644.3,434948.6,4
639,5132644.3,434963.6,4
640,5132644.3,434978.6,4
641,5132659.3,434468.6,4
642,5132659.3,434483.6,4
643,5132659.3,434498.6,4
644,5132659.3,434513.6,4
645,5132659.3,434528.6,4
646,5132659.3,434543.6,4
647,5132659.3,434558.6,2
648,5132659.3,434573.6,2
649,5132659.3,434588.6,2
650,5132659.3,434603.6,2
651,5132659.3,434618.6,2
652,5132659.3,434633.6,2
653,5132659.3,434648.6,2
654,5132659.3,434663.6,2
655,5132659.3,434678.6,2
656,5132659.3,434693.6,2
657,5132659.3,434708.6,2
658,5132659.3,434723.6,2
659,5132659.3,434738.6,2
660,5132659.3,434753.6,4
661,5132659.3,434768.6,4
662,5132659.3,434783.6,4
663,5132659.3,434798.6,4
664,5132659.3,434813.6,4
665,5132659.3,434828.6,4
666,5132659.3,434843.6,4
667,5132659.3,434858.6,4
668,5132659.3,434873.6,4
669,5132659.3,434888.6,4
670,5132659.3,434903.6,4
671,5132659.3,434918.6,4
672,5132659.3,434933.6,4
673,5132659.3,434948.6,4
674,5132659.3,434963.6,4
675,5132659.3,434978.6,4
676,5132659.3,434993.6,4
677,5132674.3,434468.6,4
678,5132674.3,434483.6,4
679,5132674.3,434498.6,4
680,5132674.3,434513.6,2
681,5132674.3,434528.6,2
682,5132674.3,434543.6,4
683,5132674.3,434558.6,4
684,5132674.3,434573.6,2
685,5132674.3,434588.6,2
686,5132674.3,434603.6,2
687,5132674.3,434618.6,2
688,5132674.3,434633.6,2
689,5132674.3,434648.6,2
690,5132674.3,434663.6,2
691,5132674.3,434678.6,2
692,5132674.3,434693.6,2
693,5132674.3,434708.6,2
694,5132674.3,434723.6,2
695,5132674.3,434738.6,2
696,5132674.3,434753.6,4
697,5132674.3,434768.6,4
698,5132674.3,434783.6,4
699,5132674.3,434798.6,4
700,5132674.3,434813.6,4
701,5132674.3,434828.6,4
702,5132674.3,434843.6,4
703,5132674.3,434858.6,4
704,5132674.3,434873.6,4
705,5132674.3,434888.6,4
706,5132674.3,434903.6,4
707,5132674.3,434918.6,4
708,5132674.3,434933.6,4
709,5132674.3,434948.6,4
710,5132674.3,434963.6,4
711,5132674.3,434978.6,4
712,5132674.3,434993.6,4
713,5132689.3,434468.6,4
714,5132689.3,434483.6,4
715,5132689.3,434498.6,4
716,5132689.3,434513.6,4
717,5132689.3,434528.6,2
718,5132689.3,434543.6,2
719,5132689.3,434558.6,2
720,5132689.3,434573.6,2
721,5132689.3,434588.6,2
722,5132689.3,434603.6,2
723,5132689.3,434618.6,2
724,5132689.3,434633.6,2
725,5132689.3,434648.6,2
726,5132689.3,434663.6,2
727,5132689.3,434678.6,2
728,5132689.3,434693.6,2
729,5132689.3,434708.6,2
730,5132689.3,434723.6,2
731,5132689.3,434738.6,2
732,5132689.3,434753.6,2
733,5132689.3,434768.6,2
734,5132689.3,434783.6,4
735,5132689.3,434798.6,4
736,5132689.3,434813.6,4
737,5132689.3,434828.6,4
738,5132689.3,434843.6,4
739,5132689.3,434858.6,4
740,5132689.3,434873.6,4
741,5132689.3,434888.6,4
742,5132689.3,434903.6,4
743,5132689.3,434918.6,4
744,5132689.3,434933.6,4
745,5132689.3,434948.6,4
746,5132689.3,434963.6,4
747,5132689.3,434978.6,4
748,5132689.3,434993.6,4
749,5132704.3,434468.6,4
750,5132704.3,434483.6,4
751,5132704.3,434498.6,4
752,5132704.3,434513.6,4
753,5132704.3,434528.6,2
754,5132704.3,434543.6,2
755,5132704.3,434558.6,2
756,5132704.3,434573.6,2
757,5132704.3,434588.6,2
758,5132704.3,434603.6,2
759,5132704.3,434618.6,2
760,5132704.3,434633.6,2
761,5132704.3,434648.6,2
762,5132704.3,434663.6,2
763,5132704.3,434678.6,2
764,5132704.3,434693.6,2
765,5132704.3,434708.6,2
766,5132704.3,434723.6,2
767,5132704.3,434738.6,2
768,5132704.3,434753.6,2
769,5132704.3,434768.6,2
770,5132704.3,434783.6,4
771,5132704.3,434798.6,4
772,5132704.3,434813.6,4
773,5132704.3,434828.6,4
774,5132704.3,434843.6,4
775,5132704.3,434858.6,4
776,5132704.3,434873.6,4
777,5132704.3,434888.6,4
778,5132704.3,434903.6,4
779,5132704.3,434918.6,4
780,5132704.3,434933.6,4
781,5132704.3,434948.6,4
782,5132704.3,434963.6,4
783,5132704.3,434978.6,4
784,5132704.3,434993.6,4
785,5132719.3,434468.6,4
786,5132719.3,434483.6,4
787,5132719.3,434498.6,4
788,5132719.3,434513.6,2
789,5132719.3,434528.6,2
790,5132719.3,434543.6,2
791,5132719.3,434558.6,2
792,5132719.3,434573.6,2
793,5132719.3,434588.6,2
794,5132719.3,434603.6,2
795,5132719.3,434618.6,2
796,5132719.3,434633.6,2
797,5132719.3,434648.6,2
798,5132719.3,434663.6,2
799,5132719.3,434678.6,2
800,5132719.3,434693.6,2
801,5132719.3,434708.6,2
802,5132719.3,434723.6,2
803,5132719.3,434738.6,2
804,5132719.3,434753.6,2
805,5132719.3,434768.6,2
806,5132719.3,434783.6,2
807,5132719.3,434798.6,4
808,5132719.3,434813.6,4
809,5132719.3,434828.6,4
810,5132719.3,434843.6,4
811,5132719.3,434858.6,4
812,5132719.3,434873.6,4
813,5132719.3,434888.6,4
814,5132719.3,434903.6,4
815,5132719.3,434918.6,4
816,5132719.3,434933.6,4
817,5132719.3,434948.6,4
818,5132719.3,434963.6,4
819,5132719.3,434978.6,4
820,5132719.3,434993.6,4
821,5132734.3,434468.6,4
822,5132734.3,434483.6,4
823,5132734.3,434498.6,4
824,5132734.3,434513.6,2
825,5132734.3,434528.6,2
826,5132734.3,434543.6,2
827,5132734.3,434558.6,2
828,5132734.3,434573.6,2
829,5132734.3,434588.6,2
830,5132734.3,434603.6,2
831,5132734.3,434618.6,2
832,5132734.3,434633.6,2
833,5132734.3,434648.6,2
834,5132734.3,434663.6,2
835,5132734.3,434678.6,2
836,5132734.3,434693.6,2
837,5132734.3,434708.6,2
838,5132734.3,434723.6,2
839,5132734.3,434738.6,2
840,5132734.3,434753.6,2
841,5132734.3,434768.6,2
842,5132734.3,434783.6,2
843,5132734.3,434798.6,2
844,5132734.3,434813.6,4
845,5132734.3,434828.6,4
846,5132734.3,434843.6,4
847,5132734.3,434858.6,4
848,5132734.3,434873.6,4
849,5132734.3,434888.6,4
850,5132734.3,434903.6,4
851,5132734.3,434918.6,4
852,5132734.3,434933.6,4
853,5132734.3,434948.6,4
854,5132734.3,434963.6,4
855,5132734.3,434978.6,4
856,5132734.3,434993.6,4
857,5132734.3,435008.6,2
858,5132749.3,434468.6,4
859,5132749.3,434483.6,4
860,5132749.3,434498.6,2
861,5132749.3,434513.6,2
862,5132749.3,434528.6,2
863,5132749.3,434543.6,2
864,5132749.3,434558.6,2
865,5132749.3,434573.6,2
866,5132749.3,434588.6,2
867,5132749.3,434603.6,2
868,5132749.3,434618.6,2
869,5132749.3,434633.6,2
870,5132749.3,434648.6,2
871,5132749.3,434663.6,2
872,5132749.3,434678.6,2
873,5132749.3,434693.6,2
874,5132749.3,434708.6,2
875,5132749.3,434723.6,2
876,5132749.3,434738.6,2
877,5132749.3,434753.6,2
878,5132749.3,434768.6,2
879,5132749.3,434783.6,2
880,5132749.3,434798.6,2
881,5132749.3,434813.6,2
882,5132749.3,434828.6,4
883,5132749.3,434843.6,4
884,5132749.3,434858.6,4
885,5132749.3,434873.6,4
886,5132749.3,434888.6,4
887,5132749.3,434903.6,4
888,5132749.3,434918.6,4
889,5132749.3,434933.6,4
890,5132749.3,434948.6,4
891,5132749.3,434963.6,2
892,5132749.3,434978.6,2
893,5132749.3,434993.6,2
894,5132749.3,435008.6,2
895,5132764.3,434468.6,4
896,5132764.3,434483.6,2
897,5132764.3,434498.6,2
898,5132764.3,434513.6,2
899,5132764.3,434528.6,2
900,5132764.3,434543.6,2
901,5132764.3,434558.6,2
902,5132764.3,434573.6,2
903,5132764.3,434588.6,3
904,5132764.3,434603.6,2
905,5132764.3,434618.6,3
906,5132764.3,434633.6,2
907,5132764.3,434648.6,2
908,5132764.3,434663.6,4
909,5132764.3,434678.6,2
910,5132764.3,434693.6,2
911,5132764.3,434708.6,2
912,5132764.3,434723.6,2
913,5132764.3,434738.6,2
914,5132764.3,434753.6,2
915,5132764.3,434768.6,2
916,5132764.3,434783.6,2
917,5132764.3,434798.6,2
918,5132764.3,434813.6,2
919,5132764.3,434828.6,4
920,5132764.3,434843.6,4
921,5132764.3,434858.6,4
922,5132764.3,434873.6,4
923,5132764.3,434888.6,4
924,5132764.3,434903.6,4
925,5132764.3,434918.6,4
926,5132764.3,434933.6,4
927,5132764.3,434948.6,2
928,5132764.3,434963.6,2
929,5132764.3,434978.6,2
930,5132764.3,434993.6,2
931,5132764.3,435008.6,2
932,5132779.3,434468.6,2
933,5132779.3,434483.6,2
934,5132779.3,434498.6,2
935,5132779.3,434513.6,2
936,5132779.3,434528.6,2
937,5132779.3,434543.6,3
938,5132779.3,434558.6,3
939,5132779.3,434573.6,3
940,5132779.3,434588.6,3
941,5132779.3,434603.6,3
942,5132779.3,434618.6,3
943,5132779.3,434633.6,3
944,5132779.3,434648.6,4
945,5132779.3,434663.6,4
946,5132779.3,434678.6,4
947,5132779.3,434693.6,2
948,5132779.3,434708.6,2
949,5132779.3,434723.6,2
950,5132779.3,434738.6,2
951,5132779.3,434753.6,2
952,5132779.3,434768.6,2
953,5132779.3,434783.6,2
954,5132779.3,434798.6,2
955,5132779.3,434813.6,2
956,5132779.3,434828.6,4
957,5132779.3,434843.6,4
958,5132779.3,434858.6,4
959,5132779.3,434873.6,4
960,5132779.3,434888.6,4
961,5132779.3,434903.6,4
962,5132779.3,434918.6,2
963,5132779.3,434933.6,2
964,5132779.3,434948.6,2
965,5132779.3,434963.6,2
966,5132779.3,434978.6,2
967,5132779.3,434993.6,2
968,5132779.3,435008.6,2
969,5132794.3,434468.6,2
970,5132794.3,434483.6,2
971,5132794.3,434498.6,2
972,5132794.3,434513.6,3
973,5132794.3,434528.6,3
974,5132794.3,434543.6,3
975,5132794.3,434558.6,3
976,5132794.3,434573.6,3
977,5132794.3,434588.6,3
978,5132794.3,434603.6,3
979,5132794.3,434618.6,3
980,5132794.3,434633.6,3
981,5132794.3,434648.6,2
982,5132794.3,434663.6,2
983,5132794.3,434678.6,2
984,5132794.3,434693.6,2
985,5132794.3,434708.6,2
986,5132794.3,434723.6,2
987,5132794.3,434738.6,2
988,5132794.3,434753.6,2
989,5132794.3,434768.6,2
990,5132794.3,434783.6,2
991,5132794.3,434798.6,4
992,5132794.3,434813.6,4
993,5132794.3,434828.6,4
994,5132794.3,434843.6,4
995,5132794.3,434858.6,4
996,5132794.3,434873.6,4
997,5132794.3,434888.6,4
998,5132794.3,434903.6,2
999,5132794.3,434918.6,2
1000,5132794.3,434933.6,2
1001,5132794.3,434948.6,2
1002,5132794.3,434963.6,2
1003,5132794.3,434978.6,2
1004,5132794.3,434993.6,2
1005,5132794.3,435008.6,2
1006,5132794.3,435023.6,5
1007,5132809.3,434468.6,1
1008,5132809.3,434483.6,3
1009,5132809.3,434498.6,3
1010,5132809.3,434513.6,3
1011,5132809.3,434528.6,3
1012,5132809.3,434543.6,3
1013,5132809.3,434558.6,3
1014,5132809.3,434573.6,3
1015,5132809.3,434588.6,3
1016,5132809.3,434603.6,2
1017,5132809.3,434618.6,2
1018,5132809.3,434633.6,4
1019,5132809.3,434648.6,4
1020,5132809.3,434663.6,4
1021,5132809.3,434678.6,2
1022,5132809.3,434693.6,2
1023,5132809.3,434708.6,2
1024,5132809.3,434723.6,2
1025,5132809.3,434738.6,2
1026,5132809.3,434753.6,2
1027,5132809.3,434768.6,4
1028,5132809.3,434783.6,4
1029,5132809.3,434798.6,4
1030,5132809.3,434813.6,4
1031,5132809.3,434828.6,4
1032,5132809.3,434843.6,4
1033,5132809.3,434858.6,4
1034,5132809.3,434873.6,4
1035,5132809.3,434888.6,2
1036,5132809.3,434903.6,2
1037,5132809.3,434918.6,2
1038,5132809.3,434933.6,2
1039,5132809.3,434948.6,2
1040,5132809.3,434963.6,2
1041,5132809.3,434978.6,2
1042,5132809.3,434993.6,2
1043,5132809.3,435008.6,2
1044,5132809.3,435023.6,5
1045,5132824.3,434468.6,1
1046,5132824.3,434483.6,3
1047,5132824.3,434498.6,3
1048,5132824.3,434513.6,3
1049,5132824.3,434528.6,3
1050,5132824.3,434543.6,3
1051,5132824.3,434558.6,3
1052,5132824.3,434573.6,3
1053,5132824.3,434588.6,2
1054,5132824.3,434603.6,2
1055,5132824.3,434618.6,2
1056,5132824.3,434633.6,4
1057,5132824.3,434648.6,4
1058,5132824.3,434663.6,4
1059,5132824.3,434678.6,2
1060,5132824.3,434693.6,2
1061,5132824.3,434708.6,2
1062,5132824.3,434723.6,2
1063,5132824.3,434738.6,4
1064,5132824.3,434753.6,4
1065,5132824.3,434768.6,4
1066,5132824.3,434783.6,4
1067,5132824.3,434798.6,4
1068,5132824.3,434813.6,4
1069,5132824.3,434828.6,4
1070,5132824.3,434843.6,4
1071,5132824.3,434858.6,4
1072,5132824.3,434873.6,4
1073,5132824.3,434888.6,2
1074,5132824.3,434903.6,2
1075,5132824.3,434918.6,2
1076,5132824.3,434933.6,2
1077,5132824.3,434948.6,2
1078,5132824.3,434963.6,2
1079,5132824.3,434978.6,2
1080,5132824.3,434993.6,2
1081,5132824.3,435008.6,2
1082,5132824.3,435023.6,1
1083,5132839.3,434468.6,1
1084,5132839.3,434483.6,3
1085,5132839.3,434498.6,3
1086,5132839.3,434513.6,3
1087,5132839.3,434528.6,3
1088,5132839.3,434543.6,3
1089,5132839.3,434558.6,3
1090,5132839.3,434573.6,2
1091,5132839.3,434588.6,2
1092,5132839.3,434603.6,2
1093,5132839.3,434618.6,4
1094,5132839.3,434633.6,4
1095,5132839.3,434648.6,4
1096,5132839.3,434663.6,4
1097,5132839.3,434678.6,4
1098,5132839.3,434693.6,4
1099,5132839.3,434708.6,4
1100,5132839.3,434723.6,4
1101,5132839.3,434738.6,4
1102,5132839.3,434753.6,4
1103,5132839.3,434768.6,4
1104,5132839.3,434783.6,4
1105,5132839.3,434798.6,4
1106,5132839.3,434813.6,4
1107,5132839.3,434828.6,4
1108,5132839.3,434843.6,4
1109,5132839.3,434858.6,4
1110,5132839.3,434873.6,4
1111,5132839.3,434888.6,2
1112,5132839.3,434903.6,2
1113,5132839.3,434918.6,2
1114,5132839.3,434933.6,2
1115,5132839.3,434948.6,2
1116,5132839.3,434963.6,2
1117,5132839.3,434978.6,2
1118,5132839.3,434993.6,2
1119,5132839.3,435008.6,3
1120,5132839.3,435023.6,3
1121,5132854.3,434468.6,1
1122,5132854.3,434483.6,3
1123,5132854.3,434498.6,3
1124,5132854.3,434513.6,3
1125,5132854.3,434528.6,3
1126,5132854.3,434543.6,3
1127,5132854.3,434558.6,3
1128,5132854.3,434573.6,2
1129,5132854.3,434588.6,2
1130,5132854.3,434603.6,2
1131,5132854.3,434618.6,4
1132,5132854.3,434633.6,4
1133,5132854.3,434648.6,4
1134,5132854.3,434663.6,4
1135,5132854.3,434678.6,4
1136,5132854.3,434693.6,4
1137,5132854.3,434708.6,4
1138,5132854.3,434723.6,4
1139,5132854.3,434738.6,4
1140,5132854.3,434753.6,4
1141,5132854.3,434768.6,4
1142,5132854.3,434783.6,4
1143,5132854.3,434798.6,4
1144,5132854.3,434813.6,4
1145,5132854.3,434828.6,4
1146,5132854.3,434843.6,4
1147,5132854.3,434858.6,4
1148,5132854.3,434873.6,2
1149,5132854.3,434888.6,2
1150,5132854.3,434903.6,2
1151,5132854.3,434918.6,2
1152,5132854.3,434933.6,2
1153,5132854.3,434948.6,2
1154,5132854.3,434963.6,2
1155,5132854.3,434978.6,2
1156,5132854.3,434993.6,3
1157,5132854.3,435008.6,3
1158,5132854.3,435023.6,3
1159,5132869.3,434468.6,1
1160,5132869.3,434483.6,2
1161,5132869.3,434498.6,2
1162,5132869.3,434513.6,2
1163,5132869.3,434528.6,3
1164,5132869.3,434543.6,3
1165,5132869.3,434558.6,3
1166,5132869.3,434573.6,3
1167,5132869.3,434588.6,2
1168,5132869.3,434603.6,2
1169,5132869.3,434618.6,4
1170,5132869.3,434633.6,4
1171,5132869.3,434648.6,4
1172,5132869.3,434663.6,4
1173,5132869.3,434678.6,4
1174,5132869.3,434693.6,4
1175,5132869.3,434708.6,4
1176,5132869.3,434723.6,4
1177,5132869.3,434738.6,4
1178,5132869.3,434753.6,4
1179,5132869.3,434768.6,4
1180,5132869.3,434783.6,4
1181,5132869.3,434798.6,4
1182,5132869.3,434813.6,4
1183,5132869.3,434828.6,4
1184,5132869.3,434843.6,4
1185,5132869.3,434858.6,4
1186,5132869.3,434873.6,2
1187,5132869.3,434888.6,2
1188,5132869.3,434903.6,2
1189,5132869.3,434918.6,2
1190,5132869.3,434933.6,2
1191,5132869.3,434948.6,2
1192,5132869.3,434963.6,3
1193,5132869.3,434978.6,3
1194,5132869.3,434993.6,3
1195,5132869.3,435008.6,3
1196,5132869.3,435023.6,4
1197,5132869.3,435038.6,5
1198,5132884.3,434468.6,2
1199,5132884.3,434483.6,2
1200,5132884.3,434498.6,2
1201,5132884.3,434513.6,2
1202,5132884.3,434528.6,2
1203,5132884.3,434543.6,3
1204,5132884.3,434558.6,3
1205,5132884.3,434573.6,4
1206,5132884.3,434588.6,4
1207,5132884.3,434603.6,4
1208,5132884.3,434618.6,4
1209,5132884.3,434633.6,4
1210,5132884.3,434648.6,4
1211,5132884.3,434663.6,4
1212,5132884.3,434678.6,4
1213,5132884.3,434693.6,4
1214,5132884.3,434708.6,4
1215,5132884.3,434723.6,4
1216,5132884.3,434738.6,4
1217,5132884.3,434753.6,2
1218,5132884.3,434768.6,2
1219,5132884.3,434783.6,2
1220,5132884.3,434798.6,4
1221,5132884.3,434813.6,4
1222,5132884.3,434828.6,4
1223,5132884.3,434843.6,4
1224,5132884.3,434858.6,2
1225,5132884.3,434873.6,2
1226,5132884.3,434888.6,2
1227,5132884.3,434903.6,2
1228,5132884.3,434918.6,2
1229,5132884.3,434933.6,2
1230,5132884.3,434948.6,3
1231,5132884.3,434963.6,3
1232,5132884.3,434978.6,3
1233,5132884.3,434993.6,3
1234,5132884.3,435008.6,3
1235,5132884.3,435023.6,4
1236,5132884.3,435038.6,4
1237,5132899.3,434468.6,2
1238,5132899.3,434483.6,2
1239,5132899.3,434498.6,2
1240,5132899.3,434513.6,2
1241,5132899.3,434528.6,2
1242,5132899.3,434543.6,4
1243,5132899.3,434558.6,4
1244,5132899.3,434573.6,4
1245,5132899.3,434588.6,4
1246,5132899.3,434603.6,4
1247,5132899.3,434618.6,4
1248,5132899.3,434633.6,4
1249,5132899.3,434648.6,4
1250,5132899.3,434663.6,4
1251,5132899.3,434678.6,4
1252,5132899.3,434693.6,4
1253,5132899.3,434708.6,4
1254,5132899.3,434723.6,4
1255,5132899.3,434738.6,2
1256,5132899.3,434753.6,2
1257,5132899.3,434768.6,2
1258,5132899.3,434783.6,2
1259,5132899.3,434798.6,4
1260,5132899.3,434813.6,4
1261,5132899.3,434828.6,4
1262,5132899.3,434843.6,4
1263,5132899.3,434858.6,2
1264,5132899.3,434873.6,2
1265,5132899.3,434888.6,2
1266,5132899.3,434903.6,2
1267,5132899.3,434918.6,3
1268,5132899.3,434933.6,3
1269,5132899.3,434948.6,3
1270,5132899.3,434963.6,3
1271,5132899.3,434978.6,3
1272,5132899.3,434993.6,3
1273,5132899.3,435008.6,3
1274,5132899.3,435023.6,4
1275,5132899.3,435038.6,4
1276,5132914.3,434468.6,2
1277,5132914.3,434483.6,2
1278,5132914.3,434498.6,2
1279,5132914.3,434513.6,2
1280,5132914.3,434528.6,4
1281,5132914.3,434543.6,4
1282,5132914.3,434558.6,4
1283,5132914.3,434573.6,4
1284,5132914.3,434588.6,4
1285,5132914.3,434603.6,4
1286,5132914.3,434618.6,4
1287,5132914.3,434633.6,4
1288,5132914.3,434648.6,4
1289,5132914.3,434663.6,4
1290,5132914.3,434678.6,4
1291,5132914.3,434693.6,4
1292,5132914.3,434708.6,4
1293,5132914.3,434723.6,2
1294,5132914.3,434738.6,2
1295,5132914.3,434753.6,2
1296,5132914.3,434768.6,2
1297,5132914.3,434783.6,2
1298,5132914.3,434798.6,2
1299,5132914.3,434813.6,2
1300,5132914.3,434828.6,2
1301,5132914.3,434843.6,2
1302,5132914.3,434858.6,2
1303,5132914.3,434873.6,2
1304,5132914.3,434888.6,2
1305,5132914.3,434903.6,3
1306,5132914.3,434918.6,3
1307,5132914.3,434933.6,3
1308,5132914.3,434948.6,3
1309,5132914.3,434963.6,3
1310,5132914.3,434978.6,3
1311,5132914.3,434993.6,3
1312,5132914.3,435008.6,4
1313,5132914.3,435023.6,4
1314,5132914.3,435038.6,4
1315,5132929.3,434468.6,4
1316,5132929.3,434483.6,4
1317,5132929.3,434498.6,4
1318,5132929.3,434513.6,4
1319,5132929.3,434528.6,4
1320,5132929.3,434543.6,4
1321,5132929.3,434558.6,4
1322,5132929.3,434573.6,4
1323,5132929.3,434588.6,4
1324,5132929.3,434603.6,4
1325,5132929.3,434618.6,4
1326,5132929.3,434633.6,4
1327,5132929.3,434648.6,4
1328,5132929.3,434663.6,2
1329,5132929.3,434678.6,4
1330,5132929.3,434693.6,4
1331,5132929.3,434708.6,4
1332,5132929.3,434723.6,2
1333,5132929.3,434738.6,2
1334,5132929.3,434753.6,2
1335,5132929.3,434768.6,2
1336,5132929.3,434783.6,2
1337,5132929.3,434798.6,2
1338,5132929.3,434813.6,2
1339,5132929.3,434828.6,2
1340,5132929.3,434843.6,2
1341,5132929.3,434858.6,2
1342,5132929.3,434873.6,4
1343,5132929.3,434888.6,4
1344,5132929.3,434903.6,3
1345,5132929.3,434918.6,3
1346,5132929.3,434933.6,3
1347,5132929.3,434948.6,3
1348,5132929.3,434963.6,3
1349,5132929.3,434978.6,3
1350,5132929.3,434993.6,4
1351,5132929.3,435008.6,4
1352,5132929.3,435023.6,4
1353,5132929.3,435038.6,4
1354,5132929.3,435053.6,4
1355,5132944.3,434468.6,4
1356,5132944.3,434483.6,4
1357,5132944.3,434498.6,4
1358,5132944.3,434513.6,4
1359,5132944.3,434528.6,4
1360,5132944.3,434543.6,4
1361,5132944.3,434558.6,4
1362,5132944.3,434573.6,4
1363,5132944.3,434588.6,4
1364,5132944.3,434603.6,4
1365,5132944.3,434618.6,4
1366,5132944.3,434633.6,4
1367,5132944.3,434648.6,2
1368,5132944.3,434663.6,2
1369,5132944.3,434678.6,2
1370,5132944.3,434693.6,4
1371,5132944.3,434708.6,4
1372,5132944.3,434723.6,2
1373,5132944.3,434738.6,2
1374,5132944.3,434753.6,2
1375,5132944.3,434768.6,2
1376,5132944.3,434783.6,2
1377,5132944.3,434798.6,2
1378,5132944.3,434813.6,2
1379,5132944.3,434828.6,2
1380,5132944.3,434843.6,2
1381,5132944.3,434858.6,2
1382,5132944.3,434873.6,2
1383,5132944.3,434888.6,4
1384,5132944.3,434903.6,3
1385,5132944.3,434918.6,3
1386,5132944.3,434933.6,3
1387,5132944.3,434948.6,3
1388,5132944.3,434963.6,2
1389,5132944.3,434978.6,2
1390,5132944.3,434993.6,4
1391,5132944.3,435008.6,4
1392,5132944.3,435023.6,4
1393,5132944.3,435038.6,4
1394,5132944.3,435053.6,4
1395,5132959.3,434468.6,4
1396,5132959.3,434483.6,4
1397,5132959.3,434498.6,4
1398,5132959.3,434513.6,4
1399,5132959.3,434528.6,4
1400,5132959.3,434543.6,4
1401,5132959.3,434558.6,4
1402,5132959.3,434573.6,4
1403,5132959.3,434588.6,2
1404,5132959.3,434603.6,2
1405,5132959.3,434618.6,2
1406,5132959.3,434633.6,2
1407,5132959.3,434648.6,2
1408,5132959.3,434663.6,2
1409,5132959.3,434678.6,2
1410,5132959.3,434693.6,4
1411,5132959.3,434708.6,4
1412,5132959.3,434723.6,2
1413,5132959.3,434738.6,2
1414,5132959.3,434753.6,2
1415,5132959.3,434768.6,2
1416,5132959.3,434783.6,2
1417,5132959.3,434798.6,2
1418,5132959.3,434813.6,2
1419,5132959.3,434828.6,2
1420,5132959.3,434843.6,2
1421,5132959.3,434858.6,2
1422,5132959.3,434873.6,2
1423,5132959.3,434888.6,2
1424,5132959.3,434903.6,3
1425,5132959.3,434918.6,3
1426,5132959.3,434933.6,2
1427,5132959.3,434948.6,2
1428,5132959.3,434963.6,2
1429,5132959.3,434978.6,2
1430,5132959.3,434993.6,4
1431,5132959.3,435008.6,4
1432,5132959.3,435023.6,4
1433,5132959.3,435038.6,4
1434,5132959.3,435053.6,4
1435,5132974.3,434468.6,4
1436,5132974.3,434483.6,4
1437,5132974.3,434498.6,4
1438,5132974.3,434513.6,4
1439,5132974.3,434528.6,4
1440,5132974.3,434543.6,2
1441,5132974.3,434558.6,2
1442,5132974.3,434573.6,2
1443,5132974.3,434588.6,2
1444,5132974.3,434603.6,2
1445,5132974.3,434618.6,2
1446,5132974.3,434633.6,2
1447,5132974.3,434648.6,2
1448,5132974.3,434663.6,2
1449,5132974.3,434678.6,2
1450,5132974.3,434693.6,2
1451,5132974.3,434708.6,2
1452,5132974.3,434723.6,2
1453,5132974.3,434738.6,2
1454,5132974.3,434753.6,2
1455,5132974.3,434768.6,2
1456,5132974.3,434783.6,2
1457,5132974.3,434798.6,2
1458,5132974.3,434813.6,2
1459,5132974.3,434828.6,2
1460,5132974.3,434843.6,2
1461,5132974.3,434858.6,2
1462,5132974.3,434873.6,2
1463,5132974.3,434888.6,3
1464,5132974.3,434903.6,3
1465,5132974.3,434918.6,3
1466,5132974.3,434933.6,2
1467,5132974.3,434948.6,2
1468,5132974.3,434963.6,2
1469,5132974.3,434978.6,4
1470,5132974.3,434993.6,4
1471,5132974.3,435008.6,4
1472,5132974.3,435023.6,4
1473,5132974.3,435038.6,4
1474,5132974.3,435053.6,4
1475,5132989.3,434468.6,4
1476,5132989.3,434483.6,4
1477,5132989.3,434498.6,4
1478,5132989.3,434513.6,4
1479,5132989.3,434528.6,2
1480,5132989.3,434543.6,2
1481,5132989.3,434558.6,2
1482,5132989.3,434573.6,2
1483,5132989.3,434588.6,2
1484,5132989.3,434603.6,2
1485,5132989.3,434618.6,2
1486,5132989.3,434633.6,2
1487,5132989.3,434648.6,2
1488,5132989.3,434663.6,2
1489,5132989.3,434678.6,2
1490,5132989.3,434693.6,2
1491,5132989.3,434708.6,2
1492,5132989.3,434723.6,2
1493,5132989.3,434738.6,2
1494,5132989.3,434753.6,2
1495,5132989.3,434768.6,2
1496,5132989.3,434783.6,2
1497,5132989.3,434798.6,2
1498,5132989.3,434813.6,2
1499,5132989.3,434828.6,2
1500,5132989.3,434843.6,2
1501,5132989.3,434858.6,3
1502,5132989.3,434873.6,3
1503,5132989.3,434888.6,3
1504,5132989.3,434903.6,3
1505,5132989.3,434918.6,3
1506,5132989.3,434933.6,2
1507,5132989.3,434948.6,2
1508,5132989.3,434963.6,4
1509,5132989.3,434978.6,4
1510,5132989.3,434993.6,4
1511,5132989.3,435008.6,4
1512,5132989.3,435023.6,4
1513,5132989.3,435038.6,4
1514,5132989.3,435053.6,4
1515,5133004.3,434468.6,4
1516,5133004.3,434483.6,4
1517,5133004.3,434498.6,4
1518,5133004.3,434513.6,4
1519,5133004.3,434528.6,2
1520,5133004.3,434543.6,2
1521,5133004.3,434558.6,2
1522,5133004.3,434573.6,2
1523,5133004.3,434588.6,2
1524,5133004.3,434603.6,2
1525,5133004.3,434618.6,2
1526,5133004.3,434633.6,2
1527,5133004.3,434648.6,2
1528,5133004.3,434663.6,2
1529,5133004.3,434678.6,2
1530,5133004.3,434693.6,2
1531,5133004.3,434708.6,2
1532,5133004.3,434723.6,2
1533,5133004.3,434738.6,2
1534,5133004.3,434753.6,2
1535,5133004.3,434768.6,2
1536,5133004.3,434783.6,2
1537,5133004.3,434798.6,3
1538,5133004.3,434813.6,2
1539,5133004.3,434828.6,3
1540,5133004.3,434843.6,3
1541,5133004.3,434858.6,3
1542,5133004.3,434873.6,3
1543,5133004.3,434888.6,3
1544,5133004.3,434903.6,3
1545,5133004.3,434918.6,3
1546,5133004.3,434933.6,4
1547,5133004.3,434948.6,4
1548,5133004.3,434963.6,4
1549,5133004.3,434978.6,4
1550,5133004.3,434993.6,4
1551,5133004.3,435008.6,4
1552,5133004.3,435023.6,4
1553,5133004.3,435038.6,4
1554,5133004.3,435053.6,4
1555,5133004.3,435068.6,4
1556,5133019.3,434468.6,4
1557,5133019.3,434483.6,4
1558,5133019.3,434498.6,4
1559,5133019.3,434513.6,2
1560,5133019.3,434528.6,2
1561,5133019.3,434543.6,2
1562,5133019.3,434558.6,2
1563,5133019.3,434573.6,2
1564,5133019.3,434588.6,2
1565,5133019.3,434603.6,2
1566,5133019.3,434618.6,2
1567,5133019.3,434633.6,2
1568,5133019.3,434648.6,2
1569,5133019.3,434663.6,2
1570,5133019.3,434678.6,2
1571,5133019.3,434693.6,2
1572,5133019.3,434708.6,2
1573,5133019.3,434723.6,2
1574,5133019.3,434738.6,2
1575,5133019.3,434753.6,2
1576,5133019.3,434768.6,3
1577,5133019.3,434783.6,3
1578,5133019.3,434798.6,3
1579,5133019.3,434813.6,3
1580,5133019.3,434828.6,3
1581,5133019.3,434843.6,3
1582,5133019.3,434858.6,3
1583,5133019.3,434873.6,3
1584,5133019.3,434888.6,3
1585,5133019.3,434903.6,2
1586,5133019.3,434918.6,4
1587,5133019.3,434933.6,4
1588,5133019.3,434948.6,4
1589,5133019.3,434963.6,4
1590,5133019.3,434978.6,4
1591,5133019.3,434993.6,4
1592,5133019.3,435008.6,4
1593,5133019.3,435023.6,4
1594,5133019.3,435038.6,4
1595,5133019.3,435053.6,4
1596,5133019.3,435068.6,4
1597,5133034.3,434468.6,4
1598,5133034.3,434483.6,4
1599,5133034.3,434498.6,2
1600,5133034.3,434513.6,2
1601,5133034.3,434528.6,2
1602,5133034.3,434543.6,2
1603,5133034.3,434558.6,2
1604,5133034.3,434573.6,2
1605,5133034.3,434588.6,2
1606,5133034.3,434603.6,2
1607,5133034.3,434618.6,2
1608,5133034.3,434633.6,2
1609,5133034.3,434648.6,2
1610,5133034.3,434663.6,2
1611,5133034.3,434678.6,2
1612,5133034.3,434693.6,2
1613,5133034.3,434708.6,2
1614,5133034.3,434723.6,2
1615,5133034.3,434738.6,2
1616,5133034.3,434753.6,2
1617,5133034.3,434768.6,3
1618,5133034.3,434783.6,3
1619,5133034.3,434798.6,3
1620,5133034.3,434813.6,3
1621,5133034.3,434828.6,3
1622,5133034.3,434843.6,3
1623,5133034.3,434858.6,3
1624,5133034.3,434873.6,3
1625,5133034.3,434888.6,2
1626,5133034.3,434903.6,2
1627,5133034.3,434918.6,4
1628,5133034.3,434933.6,4
1629,5133034.3,434948.6,4
1630,5133034.3,434963.6,4
1631,5133034.3,434978.6,4
1632,5133034.3,434993.6,4
1633,5133034.3,435008.6,4
1634,5133034.3,435023.6,4
1635,5133034.3,435038.6,4
1636,5133034.3,435053.6,4
1637,5133034.3,435068.6,4
1638,5133049.3,434468.6,4
1639,5133049.3,434483.6,3
1640,5133049.3,434498.6,2
1641,5133049.3,434513.6,2
1642,5133049.3,434528.6,2
1643,5133049.3,434543.6,2
1644,5133049.3,434558.6,3
1645,5133049.3,434573.6,3
1646,5133049.3,434588.6,3
1647,5133049.3,434603.6,2
1648,5133049.3,434618.6,1
1649,5133049.3,434633.6,3
1650,5133049.3,434648.6,3
1651,5133049.3,434663.6,3
1652,5133049.3,434678.6,2
1653,5133049.3,434693.6,2
1654,5133049.3,434708.6,2
1655,5133049.3,434723.6,2
1656,5133049.3,434738.6,2
1657,5133049.3,434753.6,3
1658,5133049.3,434768.6,3
1659,5133049.3,434783.6,3
1660,5133049.3,434798.6,1
1661,5133049.3,434813.6,1
1662,5133049.3,434828.6,3
1663,5133049.3,434843.6,3
1664,5133049.3,434858.6,3
1665,5133049.3,434873.6,2
1666,5133049.3,434888.6,2
1667,5133049.3,434903.6,4
1668,5133049.3,434918.6,4
1669,5133049.3,434933.6,4
1670,5133049.3,434948.6,4
1671,5133049.3,434963.6,4
1672,5133049.3,434978.6,4
1673,5133049.3,434993.6,4
1674,5133049.3,435008.6,4
1675,5133049.3,435023.6,4
1676,5133049.3,435038.6,4
1677,5133049.3,435053.6,4
1678,5133049.3,435068.6,3
1679,5133064.3,434468.6,4
1680,5133064.3,434483.6,2
1681,5133064.3,434498.6,2
1682,5133064.3,434513.6,2
1683,5133064.3,434528.6,2
1684,5133064.3,434543.6,3
1685,5133064.3,434558.6,3
1686,5133064.3,434573.6,3
1687,5133064.3,434588.6,3
1688,5133064.3,434603.6,3
1689,5133064.3,434618.6,1
1690,5133064.3,434633.6,1
1691,5133064.3,434648.6,3
1692,5133064.3,434663.6,3
1693,5133064.3,434678.6,1
1694,5133064.3,434693.6,2
1695,5133064.3,434708.6,2
1696,5133064.3,434723.6,2
1697,5133064.3,434738.6,2
1698,5133064.3,434753.6,2
1699,5133064.3,434768.6,3
1700,5133064.3,434783.6,1
1701,5133064.3,434798.6,1
1702,5133064.3,434813.6,1
1703,5133064.3,434828.6,1
1704,5133064.3,434843.6,3
1705,5133064.3,434858.6,2
1706,5133064.3,434873.6,2
1707,5133064.3,434888.6,2
1708,5133064.3,434903.6,4
1709,5133064.3,434918.6,4
1710,5133064.3,434933.6,4
1711,5133064.3,434948.6,4
1712,5133064.3,434963.6,4
1713,5133064.3,434978.6,4
1714,5133064.3,434993.6,4
1715,5133064.3,435008.6,4
1716,5133064.3,435023.6,4
1717,5133064.3,435038.6,4
1718,5133064.3,435053.6,3
1719,5133064.3,435068.6,3
1720,5133079.3,434468.6,2
1721,5133079.3,434483.6,2
1722,5133079.3,434498.6,2
1723,5133079.3,434513.6,3
1724,5133079.3,434528.6,3
1725,5133079.3,434543.6,3
1726,5133079.3,434558.6,1
1727,5133079.3,434573.6,3
1728,5133079.3,434588.6,3
1729,5133079.3,434603.6,1
1730,5133079.3,434618.6,1
1731,5133079.3,434633.6,1
1732,5133079.3,434648.6,1
1733,5133079.3,434663.6,1
1734,5133079.3,434678.6,1
1735,5133079.3,434693.6,1
1736,5133079.3,434708.6,2
1737,5133079.3,434723.6,2
1738,5133079.3,434738.6,2
1739,5133079.3,434753.6,2
1740,5133079.3,434768.6,2
1741,5133079.3,434783.6,2
1742,5133079.3,434798.6,1
1743,5133079.3,434813.6,1
1744,5133079.3,434828.6,1
1745,5133079.3,434843.6,2
1746,5133079.3,434858.6,2
1747,5133079.3,434873.6,2
1748,5133079.3,434888.6,2
1749,5133079.3,434903.6,2
1750,5133079.3,434918.6,4
1751,5133079.3,434933.6,4
1752,5133079.3,434948.6,4
1753,5133079.3,434963.6,4
1754,5133079.3,434978.6,4
1755,5133079.3,434993.6,4
1756,5133079.3,435008.6,4
1757,5133079.3,435023.6,3
1758,5133079.3,435038.6,3
1759,5133079.3,435053.6,3
1760,5133079.3,435068.6,3
1761,5133079.3,435083.6,3
1762,5133094.3,434468.6,2
1763,5133094.3,434483.6,3
1764,5133094.3,434498.6,3
1765,5133094.3,434513.6,3
1766,5133094.3,434528.6,3
1767,5133094.3,434543.6,1
1768,5133094.3,434558.6,1
1769,5133094.3,434573.6,1
1770,5133094.3,434588.6,1
1771,5133094.3,434603.6,1
1772,5133094.3,434618.6,1
1773,5133094.3,434633.6,1
1774,5133094.3,434648.6,1
1775,5133094.3,434663.6,1
1776,5133094.3,434678.6,1
1777,5133094.3,434693.6,3
1778,5133094.3,434708.6,3
1779,5133094.3,434723.6,2
1780,5133094.3,434738.6,2
1781,5133094.3,434753.6,2
1782,5133094.3,434768.6,2
1783,5133094.3,434783.6,2
1784,5133094.3,434798.6,2
1785,5133094.3,434813.6,2
1786,5133094.3,434828.6,2
1787,5133094.3,434843.6,2
1788,5133094.3,434858.6,2
1789,5133094.3,434873.6,2
1790,5133094.3,434888.6,2
1791,5133094.3,434903.6,2
1792,5133094.3,434918.6,2
1793,5133094.3,434933.6,2
1794,5133094.3,434948.6,2
1795,5133094.3,434963.6,4
1796,5133094.3,434978.6,4
1797,5133094.3,434993.6,4
1798,5133094.3,435008.6,3
1799,5133094.3,435023.6,3
1800,5133094.3,435038.6,3
1801,5133094.3,435053.6,3
1802,5133094.3,435068.6,3
1803,5133094.3,435083.6,3
1804,5133109.3,434468.6,3
1805,5133109.3,434483.6,3
1806,5133109.3,434498.6,3
1807,5133109.3,434513.6,3
1808,5133109.3,434528.6,3
1809,5133109.3,434543.6,1
1810,5133109.3,434558.6,1
1811,5133109.3,434573.6,1
1812,5133109.3,434588.6,1
1813,5133109.3,434603.6,1
1814,5133109.3,434618.6,1
1815,5133109.3,434633.6,1
1816,5133109.3,434648.6,1
1817,5133109.3,434663.6,1
1818,5133109.3,434678.6,3
1819,5133109.3,434693.6,3
1820,5133109.3,434708.6,3
1821,5133109.3,434723.6,2
1822,5133109.3,434738.6,2
1823,5133109.3,434753.6,2
1824,5133109.3,434768.6,2
1825,5133109.3,434783.6,2
1826,5133109.3,434798.6,2
1827,5133109.3,434813.6,2
1828,5133109.3,434828.6,2
1829,5133109.3,434843.6,2
1830,5133109.3,434858.6,2
1831,5133109.3,434873.6,4
1832,5133109.3,434888.6,4
1833,5133109.3,434903.6,2
1834,5133109.3,434918.6,2
1835,5133109.3,434933.6,2
1836,5133109.3,434948.6,4
1837,5133109.3,434963.6,4
1838,5133109.3,434978.6,4
1839,5133109.3,434993.6,1
1840,5133109.3,435008.6,1
1841,5133109.3,435023.6,1
1842,5133109.3,435038.6,3
1843,5133109.3,435053.6,3
1844,5133109.3,435068.6,3
1845,5133109.3,435083.6,5
1846,5133124.3,434468.6,3
1847,5133124.3,434483.6,3
1848,5133124.3,434498.6,3
1849,5133124.3,434513.6,3
1850,5133124.3,434528.6,3
1851,5133124.3,434543.6,1
1852,5133124.3,434558.6,1
1853,5133124.3,434573.6,1
1854,5133124.3,434588.6,1
1855,5133124.3,434603.6,1
1856,5133124.3,434618.6,1
1857,5133124.3,434633.6,1
1858,5133124.3,434648.6,1
1859,5133124.3,434663.6,1
1860,5133124.3,434678.6,3
1861,5133124.3,434693.6,3
1862,5133124.3,434708.6,3
1863,5133124.3,434723.6,2
1864,5133124.3,434738.6,2
1865,5133124.3,434753.6,2
1866,5133124.3,434768.6,2
1867,5133124.3,434783.6,2
1868,5133124.3,434798.6,2
1869,5133124.3,434813.6,2
1870,5133124.3,434828.6,2
1871,5133124.3,434843.6,2
1872,5133124.3,434858.6,4
1873,5133124.3,434873.6,4
1874,5133124.3,434888.6,4
1875,5133124.3,434903.6,2
1876,5133124.3,434918.6,2
1877,5133124.3,434933.6,2
1878,5133124.3,434948.6,4
1879,5133124.3,434963.6,4
1880,5133124.3,434978.6,1
1881,5133124.3,434993.6,1
1882,5133124.3,435008.6,1
1883,5133124.3,435023.6,1
1884,5133124.3,435038.6,1
1885,5133124.3,435053.6,1
1886,5133124.3,435068.6,3
1887,5133124.3,435083.6,4
1888,5133139.3,434468.6,3
1889,5133139.3,434483.6,3
1890,5133139.3,434498.6,3
1891,5133139.3,434513.6,3
1892,5133139.3,434528.6,3
1893,5133139.3,434543.6,1
1894,5133139.3,434558.6,1
1895,5133139.3,434573.6,1
1896,5133139.3,434588.6,1
1897,5133139.3,434603.6,1
1898,5133139.3,434618.6,1
1899,5133139.3,434633.6,1
1900,5133139.3,434648.6,1
1901,5133139.3,434663.6,3
1902,5133139.3,434678.6,3
1903,5133139.3,434693.6,3
1904,5133139.3,434708.6,3
1905,5133139.3,434723.6,2
1906,5133139.3,434738.6,2
1907,5133139.3,434753.6,2
1908,5133139.3,434768.6,2
1909,5133139.3,434783.6,2
1910,5133139.3,434798.6,2
1911,5133139.3,434813.6,2
1912,5133139.3,434828.6,2
1913,5133139.3,434843.6,4
1914,5133139.3,434858.6,4
1915,5133139.3,434873.6,4
1916,5133139.3,434888.6,2
1917,5133139.3,434903.6,2
1918,5133139.3,434918.6,2
1919,5133139.3,434933.6,4
1920,5133139.3,434948.6,4
1921,5133139.3,434963.6,1
1922,5133139.3,434978.6,1
1923,5133139.3,434993.6,1
1924,5133139.3,435008.6,1
1925,5133139.3,435023.6,1
1926,5133139.3,435038.6,1
1927,5133139.3,435053.6,1
1928,5133139.3,435068.6,3
1929,5133139.3,435083.6,3
1930,5133139.3,435098.6,5
1931,5133154.3,434468.6,4
1932,5133154.3,434483.6,3
1933,5133154.3,434498.6,3
1934,5133154.3,434513.6,3
1935,5133154.3,434528.6,3
1936,5133154.3,434543.6,1
1937,5133154.3,434558.6,1
1938,5133154.3,434573.6,1
1939,5133154.3,434588.6,1
1940,5133154.3,434603.6,1
1941,5133154.3,434618.6,1
1942,5133154.3,434633.6,1
1943,5133154.3,434648.6,1
1944,5133154.3,434663.6,2
1945,5133154.3,434678.6,2
1946,5133154.3,434693.6,2
1947,5133154.3,434708.6,2
1948,5133154.3,434723.6,2
1949,5133154.3,434738.6,2
1950,5133154.3,434753.6,2
1951,5133154.3,434768.6,2
1952,5133154.3,434783.6,2
1953,5133154.3,434798.6,2
1954,5133154.3,434813.6,2
1955,5133154.3,434828.6,4
1956,5133154.3,434843.6,4
1957,5133154.3,434858.6,4
1958,5133154.3,434873.6,4
1959,5133154.3,434888.6,2
1960,5133154.3,434903.6,2
1961,5133154.3,434918.6,4
1962,5133154.3,434933.6,4
1963,5133154.3,434948.6,4
1964,5133154.3,434963.6,1
1965,5133154.3,434978.6,1
1966,5133154.3,434993.6,1
1967,5133154.3,435008.6,1
1968,5133154.3,435023.6,1
1969,5133154.3,435038.6,1
1970,5133154.3,435053.6,2
1971,5133154.3,435068.6,3
1972,5133154.3,435083.6,3
1973,5133154.3,435098.6,3
1974,5133169.3,434468.6,4
1975,5133169.3,434483.6,3
1976,5133169.3,434498.6,3
1977,5133169.3,434513.6,3
1978,5133169.3,434528.6,3
1979,5133169.3,434543.6,1
1980,5133169.3,434558.6,1
1981,5133169.3,434573.6,1
1982,5133169.3,434588.6,1
1983,5133169.3,434603.6,1
1984,5133169.3,434618.6,1
1985,5133169.3,434633.6,1
1986,5133169.3,434648.6,1
1987,5133169.3,434663.6,2
1988,5133169.3,434678.6,2
1989,5133169.3,434693.6,2
1990,5133169.3,434708.6,2
1991,5133169.3,434723.6,2
1992,5133169.3,434738.6,2
1993,5133169.3,434753.6,2
1994,5133169.3,434768.6,4
1995,5133169.3,434783.6,4
1996,5133169.3,434798.6,4
1997,5133169.3,434813.6,4
1998,5133169.3,434828.6,4
1999,5133169.3,434843.6,4
2000,5133169.3,434858.6,4
2001,5133169.3,434873.6,2
2002,5133169.3,434888.6,2
2003,5133169.3,434903.6,2
2004,5133169.3,434918.6,4
2005,5133169.3,434933.6,4
2006,5133169.3,434948.6,4
2007,5133169.3,434963.6,1
2008,5133169.3,434978.6,1
2009,5133169.3,434993.6,1
2010,5133169.3,435008.6,1
2011,5133169.3,435023.6,1
2012,5133169.3,435038.6,3
2013,5133169.3,435053.6,3
2014,5133169.3,435068.6,3
2015,5133169.3,435083.6,3
2016,5133169.3,435098.6,3
2017,5133184.3,434468.6,4
2018,5133184.3,434483.6,4
2019,5133184.3,434498.6,3
2020,5133184.3,434513.6,3
2021,5133184.3,434528.6,3
2022,5133184.3,434543.6,1
2023,5133184.3,434558.6,1
2024,5133184.3,434573.6,1
2025,5133184.3,434588.6,1
2026,5133184.3,434603.6,1
2027,5133184.3,434618.6,1
2028,5133184.3,434633.6,1
2029,5133184.3,434648.6,1
2030,5133184.3,434663.6,2
2031,5133184.3,434678.6,2
2032,5133184.3,434693.6,2
2033,5133184.3,434708.6,2
2034,5133184.3,434723.6,2
2035,5133184.3,434738.6,2
2036,5133184.3,434753.6,2
2037,5133184.3,434768.6,2
2038,5133184.3,434783.6,4
2039,5133184.3,434798.6,4
2040,5133184.3,434813.6,4
2041,5133184.3,434828.6,4
2042,5133184.3,434843.6,4
2043,5133184.3,434858.6,3
2044,5133184.3,434873.6,2
2045,5133184.3,434888.6,4
2046,5133184.3,434903.6,4
2047,5133184.3,434918.6,4
2048,5133184.3,434933.6,4
2049,5133184.3,434948.6,4
2050,5133184.3,434963.6,1
2051,5133184.3,434978.6,1
2052,5133184.3,434993.6,1
2053,5133184.3,435008.6,1
2054,5133184.3,435023.6,1
2055,5133184.3,435038.6,3
2056,5133184.3,435053.6,3
2057,5133184.3,435068.6,3
2058,5133184.3,435083.6,3
2059,5133184.3,435098.6,3
2060,5133199.3,434468.6,4
2061,5133199.3,434483.6,4
2062,5133199.3,434498.6,4
2063,5133199.3,434513.6,3
2064,5133199.3,434528.6,1
2065,5133199.3,434543.6,1
2066,5133199.3,434558.6,1
2067,5133199.3,434573.6,1
2068,5133199.3,434588.6,1
2069,5133199.3,434603.6,1
2070,5133199.3,434618.6,1
2071,5133199.3,434633.6,1
2072,5133199.3,434648.6,2
2073,5133199.3,434663.6,2
2074,5133199.3,434678.6,2
2075,5133199.3,434693.6,2
2076,5133199.3,434708.6,2
2077,5133199.3,434723.6,2
2078,5133199.3,434738.6,2
2079,5133199.3,434753.6,2
2080,5133199.3,434768.6,2
2081,5133199.3,434783.6,4
2082,5133199.3,434798.6,4
2083,5133199.3,434813.6,2
2084,5133199.3,434828.6,2
2085,5133199.3,434843.6,2
2086,5133199.3,434858.6,2
2087,5133199.3,434873.6,2
2088,5133199.3,434888.6,2
2089,5133199.3,434903.6,4
2090,5133199.3,434918.6,4
2091,5133199.3,434933.6,4
2092,5133199.3,434948.6,4
2093,5133199.3,434963.6,1
2094,5133199.3,434978.6,1
2095,5133199.3,434993.6,1
2096,5133199.3,435008.6,1
2097,5133199.3,435023.6,1
2098,5133199.3,435038.6,3
2099,5133199.3,435053.6,3
2100,5133199.3,435068.6,3
2101,5133199.3,435083.6,3
2102,5133199.3,435098.6,3
2103,5133214.3,434468.6,2
2104,5133214.3,434483.6,2
2105,5133214.3,434498.6,4
2106,5133214.3,434513.6,1
2107,5133214.3,434528.6,1
2108,5133214.3,434543.6,1
2109,5133214.3,434558.6,1
2110,5133214.3,434573.6,1
2111,5133214.3,434588.6,1
2112,5133214.3,434603.6,1
2113,5133214.3,434618.6,1
2114,5133214.3,434633.6,2
2115,5133214.3,434648.6,2
2116,5133214.3,434663.6,2
2117,5133214.3,434678.6,2
2118,5133214.3,434693.6,2
2119,5133214.3,434708.6,2
2120,5133214.3,434723.6,2
2121,5133214.3,434738.6,2
2122,5133214.3,434753.6,2
2123,5133214.3,434768.6,2
2124,5133214.3,434783.6,2
2125,5133214.3,434798.6,3
2126,5133214.3,434813.6,2
2127,5133214.3,434828.6,2
2128,5133214.3,434843.6,2
2129,5133214.3,434858.6,2
2130,5133214.3,434873.6,2
2131,5133214.3,434888.6,4
2132,5133214.3,434903.6,4
2133,5133214.3,434918.6,4
2134,5133214.3,434933.6,4
2135,5133214.3,434948.6,4
2136,5133214.3,434963.6,4
2137,5133214.3,434978.6,1
2138,5133214.3,434993.6,1
2139,5133214.3,435008.6,1
2140,5133214.3,435023.6,3
2141,5133214.3,435038.6,3
2142,5133214.3,435053.6,3
2143,5133214.3,435068.6,3
2144,5133214.3,435083.6,3
2145,5133214.3,435098.6,3
2146,5133214.3,435113.6,3
2147,5133229.3,434468.6,2
2148,5133229.3,434483.6,1
2149,5133229.3,434498.6,1
2150,5133229.3,434513.6,1
2151,5133229.3,434528.6,1
2152,5133229.3,434543.6,1
2153,5133229.3,434558.6,1
2154,5133229.3,434573.6,1
2155,5133229.3,434588.6,1
2156,5133229.3,434603.6,1
2157,5133229.3,434618.6,2
2158,5133229.3,434633.6,2
2159,5133229.3,434648.6,2
2160,5133229.3,434663.6,2
2161,5133229.3,434678.6,2
2162,5133229.3,434693.6,2
2163,5133229.3,434708.6,2
2164,5133229.3,434723.6,2
2165,5133229.3,434738.6,2
2166,5133229.3,434753.6,2
2167,5133229.3,434768.6,2
2168,5133229.3,434783.6,2
2169,5133229.3,434798.6,2
2170,5133229.3,434813.6,3
2171,5133229.3,434828.6,3
2172,5133229.3,434843.6,3
2173,5133229.3,434858.6,3
2174,5133229.3,434873.6,4
2175,5133229.3,434888.6,4
2176,5133229.3,434903.6,4
2177,5133229.3,434918.6,4
2178,5133229.3,434933.6,4
2179,5133229.3,434948.6,4
2180,5133229.3,434963.6,4
2181,5133229.3,434978.6,4
2182,5133229.3,434993.6,1
2183,5133229.3,435008.6,3
2184,5133229.3,435023.6,3
2185,5133229.3,435038.6,3
2186,5133229.3,435053.6,1
2187,5133229.3,435068.6,1
2188,5133229.3,435083.6,3
2189,5133229.3,435098.6,3
2190,5133229.3,435113.6,3
2191,5133244.3,434468.6,1
2192,5133244.3,434483.6,1
2193,5133244.3,434498.6,1
2194,5133244.3,434513.6,1
2195,5133244.3,434528.6,1
2196,5133244.3,434543.6,1
2197,5133244.3,434558.6,1
2198,5133244.3,434573.6,1
2199,5133244.3,434588.6,1
2200,5133244.3,434603.6,2
2201,5133244.3,434618.6,2
2202,5133244.3,434633.6,2
2203,5133244.3,434648.6,2
2204,5133244.3,434663.6,2
2205,5133244.3,434678.6,2
2206,5133244.3,434693.6,2
2207,5133244.3,434708.6,2
2208,5133244.3,434723.6,2
2209,5133244.3,434738.6,2
2210,5133244.3,434753.6,2
2211,5133244.3,434768.6,2
2212,5133244.3,434783.6,3
2213,5133244.3,434798.6,3
2214,5133244.3,434813.6,3
2215,5133244.3,434828.6,3
2216,5133244.3,434843.6,3
2217,5133244.3,434858.6,4
2218,5133244.3,434873.6,4
2219,5133244.3,434888.6,4
2220,5133244.3,434903.6,4
2221,5133244.3,434918.6,4
2222,5133244.3,434933.6,4
2223,5133244.3,434948.6,4
2224,5133244.3,434963.6,4
2225,5133244.3,434978.6,4
2226,5133244.3,434993.6,3
2227,5133244.3,435008.6,3
2228,5133244.3,435023.6,3
2229,5133244.3,435038.6,3
2230,5133244.3,435053.6,1
2231,5133244.3,435068.6,1
2232,5133244.3,435083.6,1
2233,5133244.3,435098.6,3
2234,5133244.3,435113.6,2
2235,5133259.3,434468.6,1
2236,5133259.3,434483.6,1
2237,5133259.3,434498.6,1
2238,5133259.3,434513.6,1
2239,5133259.3,434528.6,1
2240,5133259.3,434543.6,1
2241,5133259.3,434558.6,1
2242,5133259.3,434573.6,1
2243,5133259.3,434588.6,1
2244,5133259.3,434603.6,2
2245,5133259.3,434618.6,2
2246,5133259.3,434633.6,2
2247,5133259.3,434648.6,2
2248,5133259.3,434663.6,2
2249,5133259.3,434678.6,2
2250,5133259.3,434693.6,2
2251,5133259.3,434708.6,2
2252,5133259.3,434723.6,2
2253,5133259.3,434738.6,2
2254,5133259.3,434753.6,2
2255,5133259.3,434768.6,3
2256,5133259.3,434783.6,3
2257,5133259.3,434798.6,3
2258,5133259.3,434813.6,3
2259,5133259.3,434828.6,3
2260,5133259.3,434843.6,4
2261,5133259.3,434858.6,4
2262,5133259.3,434873.6,4
2263,5133259.3,434888.6,4
2264,5133259.3,434903.6,4
2265,5133259.3,434918.6,4
2266,5133259.3,434933.6,4
2267,5133259.3,434948.6,4
2268,5133259.3,434963.6,4
2269,5133259.3,434978.6,4
2270,5133259.3,434993.6,3
2271,5133259.3,435008.6,3
2272,5133259.3,435023.6,3
2273,5133259.3,435038.6,3
2274,5133259.3,435053.6,1
2275,5133259.3,435068.6,1
2276,5133259.3,435083.6,1
2277,5133259.3,435098.6,1
2278,5133259.3,435113.6,1
2279,5133274.3,434468.6,1
2280,5133274.3,434483.6,1
2281,5133274.3,434498.6,1
2282,5133274.3,434513.6,1
2283,5133274.3,434528.6,1
2284,5133274.3,434543.6,1
2285,5133274.3,434558.6,1
2286,5133274.3,434573.6,1
2287,5133274.3,434588.6,1
2288,5133274.3,434603.6,2
2289,5133274.3,434618.6,2
2290,5133274.3,434633.6,2
2291,5133274.3,434648.6,2
2292,5133274.3,434663.6,2
2293,5133274.3,434678.6,2
2294,5133274.3,434693.6,2
2295,5133274.3,434708.6,2
2296,5133274.3,434723.6,2
2297,5133274.3,434738.6,3
2298,5133274.3,434753.6,3
2299,5133274.3,434768.6,3
2300,5133274.3,434783.6,3
2301,5133274.3,434798.6,3
2302,5133274.3,434813.6,3
2303,5133274.3,434828.6,4
2304,5133274.3,434843.6,4
2305,5133274.3,434858.6,4
2306,5133274.3,434873.6,4
2307,5133274.3,434888.6,4
2308,5133274.3,434903.6,4
2309,5133274.3,434918.6,4
2310,5133274.3,434933.6,4
2311,5133274.3,434948.6,4
2312,5133274.3,434963.6,4
2313,5133274.3,434978.6,4
2314,5133274.3,434993.6,3
2315,5133274.3,435008.6,3
2316,5133274.3,435023.6,3
2317,5133274.3,435038.6,3
2318,5133274.3,435053.6,1
2319,5133274.3,435068.6,1
2320,5133274.3,435083.6,1
2321,5133274.3,435098.6,1
2322,5133274.3,435113.6,1
2323,5133274.3,435128.6,3
2324,5133289.3,434468.6,1
2325,5133289.3,434483.6,1
2326,5133289.3,434498.6,1
2327,5133289.3,434513.6,1
2328,5133289.3,434528.6,1
2329,5133289.3,434543.6,1
2330,5133289.3,434558.6,1
2331,5133289.3,434573.6,1
2332,5133289.3,434588.6,1
2333,5133289.3,434603.6,2
2334,5133289.3,434618.6,2
2335,5133289.3,434633.6,2
2336,5133289.3,434648.6,2
2337,5133289.3,434663.6,2
2338,5133289.3,434678.6,2
2339,5133289.3,434693.6,3
2340,5133289.3,434708.6,3
2341,5133289.3,434723.6,3
2342,5133289.3,434738.6,3
2343,5133289.3,434753.6,3
2344,5133289.3,434768.6,3
2345,5133289.3,434783.6,3
2346,5133289.3,434798.6,3
2347,5133289.3,434813.6,4
2348,5133289.3,434828.6,4
2349,5133289.3,434843.6,4
2350,5133289.3,434858.6,4
2351,5133289.3,434873.6,4
2352,5133289.3,434888.6,4
2353,5133289.3,434903.6,4
2354,5133289.3,434918.6,4
2355,5133289.3,434933.6,4
2356,5133289.3,434948.6,4
2357,5133289.3,434963.6,4
2358,5133289.3,434978.6,3
2359,5133289.3,434993.6,3
2360,5133289.3,435008.6,4
2361,5133289.3,435023.6,4
2362,5133289.3,435038.6,3
2363,5133289.3,435053.6,3
2364,5133289.3,435068.6,3
2365,5133289.3,435083.6,1
2366,5133289.3,435098.6,1
2367,5133289.3,435113.6,1
2368,5133289.3,435128.6,3
2369,5133304.3,434468.6,1
2370,5133304.3,434483.6,1
2371,5133304.3,434498.6,1
2372,5133304.3,434513.6,1
2373,5133304.3,434528.6,1
2374,5133304.3,434543.6,1
2375,5133304.3,434558.6,1
2376,5133304.3,434573.6,1
2377,5133304.3,434588.6,3
2378,5133304.3,434603.6,2
2379,5133304.3,434618.6,2
2380,5133304.3,434633.6,2
2381,5133304.3,434648.6,2
2382,5133304.3,434663.6,2
2383,5133304.3,434678.6,3
2384,5133304.3,434693.6,3
2385,5133304.3,434708.6,3
2386,5133304.3,434723.6,3
2387,5133304.3,434738.6,4
2388,5133304.3,434753.6,4
2389,5133304.3,434768.6,3
2390,5133304.3,434783.6,3
2391,5133304.3,434798.6,4
2392,5133304.3,434813.6,4
2393,5133304.3,434828.6,4
2394,5133304.3,434843.6,4
2395,5133304.3,434858.6,4
2396,5133304.3,434873.6,4
2397,5133304.3,434888.6,4
2398,5133304.3,434903.6,4
2399,5133304.3,434918.6,4
2400,5133304.3,434933.6,4
2401,5133304.3,434948.6,4
2402,5133304.3,434963.6,2
2403,5133304.3,434978.6,3
2404,5133304.3,434993.6,3
2405,5133304.3,435008.6,4
2406,5133304.3,435023.6,4
2407,5133304.3,435038.6,3
2408,5133304.3,435053.6,3
2409,5133304.3,435068.6,3
2410,5133304.3,435083.6,3
2411,5133304.3,435098.6,3
2412,5133304.3,435113.6,3
2413,5133304.3,435128.6,3
2414,5133319.3,434468.6,1
2415,5133319.3,434483.6,1
2416,5133319.3,434498.6,1
2417,5133319.3,434513.6,1
2418,5133319.3,434528.6,1
2419,5133319.3,434543.6,1
2420,5133319.3,434558.6,1
2421,5133319.3,434573.6,3
2422,5133319.3,434588.6,3
2423,5133319.3,434603.6,2
2424,5133319.3,434618.6,2
2425,5133319.3,434633.6,2
2426,5133319.3,434648.6,2
2427,5133319.3,434663.6,2
2428,5133319.3,434678.6,4
2429,5133319.3,434693.6,3
2430,5133319.3,434708.6,3
2431,5133319.3,434723.6,4
2432,5133319.3,434738.6,4
2433,5133319.3,434753.6,4
2434,5133319.3,434768.6,4
2435,5133319.3,434783.6,4
2436,5133319.3,434798.6,4
2437,5133319.3,434813.6,4
2438,5133319.3,434828.6,4
2439,5133319.3,434843.6,4
2440,5133319.3,434858.6,4
2441,5133319.3,434873.6,4
2442,5133319.3,434888.6,4
2443,5133319.3,434903.6,4
2444,5133319.3,434918.6,4
2445,5133319.3,434933.6,4
2446,5133319.3,434948.6,4
2447,5133319.3,434963.6,3
2448,5133319.3,434978.6,3
2449,5133319.3,434993.6,3
2450,5133319.3,435008.6,3
2451,5133319.3,435023.6,3
2452,5133319.3,435038.6,3
2453,5133319.3,435053.6,3
2454,5133319.3,435068.6,3
2455,5133319.3,435083.6,3
2456,5133319.3,435098.6,3
2457,5133319.3,435113.6,3
2458,5133319.3,435128.6,3
2459,5133334.3,434468.6,1
2460,5133334.3,434483.6,1
2461,5133334.3,434498.6,1
2462,5133334.3,434513.6,1
2463,5133334.3,434528.6,1
2464,5133334.3,434543.6,1
2465,5133334.3,434558.6,3
2466,5133334.3,434573.6,3
2467,5133334.3,434588.6,3
2468,5133334.3,434603.6,2
2469,5133334.3,434618.6,2
2470,5133334.3,434633.6,2
2471,5133334.3,434648.6,2
2472,5133334.3,434663.6,2
2473,5133334.3,434678.6,4
2474,5133334.3,434693.6,4
2475,5133334.3,434708.6,4
2476,5133334.3,434723.6,4
2477,5133334.3,434738.6,4
2478,5133334.3,434753.6,4
2479,5133334.3,434768.6,4
2480,5133334.3,434783.6,4
2481,5133334.3,434798.6,4
2482,5133334.3,434813.6,4
2483,5133334.3,434828.6,4
2484,5133334.3,434843.6,4
2485,5133334.3,434858.6,4
2486,5133334.3,434873.6,4
2487,5133334.3,434888.6,4
2488,5133334.3,434903.6,4
2489,5133334.3,434918.6,4
2490,5133334.3,434933.6,4
2491,5133334.3,434948.6,4
2492,5133334.3,434963.6,3
2493,5133334.3,434978.6,3
2494,5133334.3,434993.6,3
2495,5133334.3,435008.6,3
2496,5133334.3,435023.6,3
2497,5133334.3,435038.6,3
2498,5133334.3,435053.6,3
2499,5133334.3,435068.6,3
2500,5133334.3,435083.6,3
2501,5133334.3,435098.6,3
2502,5133334.3,435113.6,3
2503,5133334.3,435128.6,3
2504,5133349.3,434453.6,1
2505,5133349.3,434468.6,1
2506,5133349.3,434483.6,1
2507,5133349.3,434498.6,1
2508,5133349.3,434513.6,1
2509,5133349.3,434528.6,1
2510,5133349.3,434543.6,1
2511,5133349.3,434558.6,3
2512,5133349.3,434573.6,3
2513,5133349.3,434588.6,3
2514,5133349.3,434603.6,2
2515,5133349.3,434618.6,2
2516,5133349.3,434633.6,2
2517,5133349.3,434648.6,2
2518,5133349.3,434663.6,2
2519,5133349.3,434678.6,4
2520,5133349.3,434693.6,4
2521,5133349.3,434708.6,4
2522,5133349.3,434723.6,4
2523,5133349.3,434738.6,4
2524,5133349.3,434753.6,4
2525,5133349.3,434768.6,4
2526,5133349.3,434783.6,4
2527,5133349.3,434798.6,4
2528,5133349.3,434813.6,4
2529,5133349.3,434828.6,4
2530,5133349.3,434843.6,4
2531,5133349.3,434858.6,4
2532,5133349.3,434873.6,4
2533,5133349.3,434888.6,4
2534,5133349.3,434903.6,4
2535,5133349.3,434918.6,4
2536,5133349.3,434933.6,4
2537,5133349.3,434948.6,4
2538,5133349.3,434963.6,3
2539,5133349.3,434978.6,3
2540,5133349.3,434993.6,3
2541,5133349.3,435008.6,3
2542,5133349.3,435023.6,3
2543,5133349.3,435038.6,3
2544,5133349.3,435053.6,3
2545,5133349.3,435068.6,3
2546,5133349.3,435083.6,3
2547,5133349.3,435098.6,3
2548,5133349.3,435113.6,3
2549,5133349.3,435128.6,3
2550,5133349.3,435143.6,3
2551,5133364.3,434453.6,1
2552,5133364.3,434468.6,1
2553,5133364.3,434483.6,1
2554,5133364.3,434498.6,1
2555,5133364.3,434513.6,1
2556,5133364.3,434528.6,3
2557,5133364.3,434543.6,3
2558,5133364.3,434558.6,3
2559,5133364.3,434573.6,3
2560,5133364.3,434588.6,3
2561,5133364.3,434603.6,3
2562,5133364.3,434618.6,2
2563,5133364.3,434633.6,2
2564,5133364.3,434648.6,2
2565,5133364.3,434663.6,2
2566,5133364.3,434678.6,4
2567,5133364.3,434693.6,4
2568,5133364.3,434708.6,4
2569,5133364.3,434723.6,4
2570,5133364.3,434738.6,4
2571,5133364.3,434753.6,4
2572,5133364.3,434768.6,4
2573,5133364.3,434783.6,4
2574,5133364.3,434798.6,4
2575,5133364.3,434813.6,4
2576,5133364.3,434828.6,4
2577,5133364.3,434843.6,4
2578,5133364.3,434858.6,4
2579,5133364.3,434873.6,3
2580,5133364.3,434888.6,3
2581,5133364.3,434903.6,4
2582,5133364.3,434918.6,4
2583,5133364.3,434933.6,4
2584,5133364.3,434948.6,4
2585,5133364.3,434963.6,3
2586,5133364.3,434978.6,3
2587,5133364.3,434993.6,3
2588,5133364.3,435008.6,3
2589,5133364.3,435023.6,3
2590,5133364.3,435038.6,3
2591,5133364.3,435053.6,3
2592,5133364.3,435068.6,3
2593,5133364.3,435083.6,3
2594,5133364.3,435098.6,3
2595,5133364.3,435113.6,3
2596,5133364.3,435128.6,3
2597,5133364.3,435143.6,3
2598,5133379.3,434453.6,1
2599,5133379.3,434468.6,3
2600,5133379.3,434483.6,3
2601,5133379.3,434498.6,3
2602,5133379.3,434513.6,3
2603,5133379.3,434528.6,3
2604,5133379.3,434543.6,3
2605,5133379.3,434558.6,3
2606,5133379.3,434573.6,3
2607,5133379.3,434588.6,3
2608,5133379.3,434603.6,3
2609,5133379.3,434618.6,3
2610,5133379.3,434633.6,3
2611,5133379.3,434648.6,2
2612,5133379.3,434663.6,4
2613,5133379.3,434678.6,4
2614,5133379.3,434693.6,4
2615,5133379.3,434708.6,4
2616,5133379.3,434723.6,4
2617,5133379.3,434738.6,4
2618,5133379.3,434753.6,4
2619,5133379.3,434768.6,2
2620,5133379.3,434783.6,2
2621,5133379.3,434798.6,2
2622,5133379.3,434813.6,4
2623,5133379.3,434828.6,4
2624,5133379.3,434843.6,4
2625,5133379.3,434858.6,4
2626,5133379.3,434873.6,1
2627,5133379.3,434888.6,1
2628,5133379.3,434903.6,1
2629,5133379.3,434918.6,1
2630,5133379.3,434933.6,4
2631,5133379.3,434948.6,4
2632,5133379.3,434963.6,3
2633,5133379.3,434978.6,3
2634,5133379.3,434993.6,1
2635,5133379.3,435008.6,1
2636,5133379.3,435023.6,3
2637,5133379.3,435038.6,3
2638,5133379.3,435053.6,3
2639,5133379.3,435068.6,3
2640,5133379.3,435083.6,3
2641,5133379.3,435098.6,4
2642,5133379.3,435113.6,4
2643,5133379.3,435128.6,4
2644,5133379.3,435143.6,4
2645,5133394.3,434438.6,1
2646,5133394.3,434453.6,3
2647,5133394.3,434468.6,3
2648,5133394.3,434483.6,2
2649,5133394.3,434498.6,3
2650,5133394.3,434513.6,3
2651,5133394.3,434528.6,3
2652,5133394.3,434543.6,1
2653,5133394.3,434558.6,1
2654,5133394.3,434573.6,3
2655,5133394.3,434588.6,3
2656,5133394.3,434603.6,3
2657,5133394.3,434618.6,3
2658,5133394.3,434633.6,4
2659,5133394.3,434648.6,4
2660,5133394.3,434663.6,4
2661,5133394.3,434678.6,4
2662,5133394.3,434693.6,4
2663,5133394.3,434708.6,4
2664,5133394.3,434723.6,4
2665,5133394.3,434738.6,4
2666,5133394.3,434753.6,2
2667,5133394.3,434768.6,2
2668,5133394.3,434783.6,2
2669,5133394.3,434798.6,2
2670,5133394.3,434813.6,4
2671,5133394.3,434828.6,4
2672,5133394.3,434843.6,4
2673,5133394.3,434858.6,3
2674,5133394.3,434873.6,1
2675,5133394.3,434888.6,1
2676,5133394.3,434903.6,1
2677,5133394.3,434918.6,1
2678,5133394.3,434933.6,4
2679,5133394.3,434948.6,4
2680,5133394.3,434963.6,3
2681,5133394.3,434978.6,3
2682,5133394.3,434993.6,1
2683,5133394.3,435008.6,1
2684,5133394.3,435023.6,3
2685,5133394.3,435038.6,3
2686,5133394.3,435053.6,3
2687,5133394.3,435068.6,3
2688,5133394.3,435083.6,4
2689,5133394.3,435098.6,4
2690,5133394.3,435113.6,4
2691,5133394.3,435128.6,4
2692,5133394.3,435143.6,4
2693,5133409.3,434438.6,1
2694,5133409.3,434453.6,3
2695,5133409.3,434468.6,3
2696,5133409.3,434483.6,2
2697,5133409.3,434498.6,3
2698,5133409.3,434513.6,3
2699,5133409.3,434528.6,3
2700,5133409.3,434543.6,1
2701,5133409.3,434558.6,1
2702,5133409.3,434573.6,4
2703,5133409.3,434588.6,4
2704,5133409.3,434603.6,4
2705,5133409.3,434618.6,4
2706,5133409.3,434633.6,4
2707,5133409.3,434648.6,4
2708,5133409.3,434663.6,4
2709,5133409.3,434678.6,4
2710,5133409.3,434693.6,4
2711,5133409.3,434708.6,3
2712,5133409.3,434723.6,3
2713,5133409.3,434738.6,3
2714,5133409.3,434753.6,3
2715,5133409.3,434768.6,2
2716,5133409.3,434783.6,2
2717,5133409.3,434798.6,2
2718,5133409.3,434813.6,4
2719,5133409.3,434828.6,4
2720,5133409.3,434843.6,4
2721,5133409.3,434858.6,3
2722,5133409.3,434873.6,3
2723,5133409.3,434888.6,3
2724,5133409.3,434903.6,3
2725,5133409.3,434918.6,3
2726,5133409.3,434933.6,4
2727,5133409.3,434948.6,4
2728,5133409.3,434963.6,3
2729,5133409.3,434978.6,3
2730,5133409.3,434993.6,3
2731,5133409.3,435008.6,1
2732,5133409.3,435023.6,1
2733,5133409.3,435038.6,1
2734,5133409.3,435053.6,1
2735,5133409.3,435068.6,3
2736,5133409.3,435083.6,4
2737,5133409.3,435098.6,4
2738,5133409.3,435113.6,4
2739,5133409.3,435128.6,4
2740,5133409.3,435143.6,3
2741,5133409.3,435158.6,3
2742,5133424.3,434423.6,1
2743,5133424.3,434438.6,3
2744,5133424.3,434453.6,3
2745,5133424.3,434468.6,3
2746,5133424.3,434483.6,3
2747,5133424.3,434498.6,3
2748,5133424.3,434513.6,3
2749,5133424.3,434528.6,3
2750,5133424.3,434543.6,3
2751,5133424.3,434558.6,4
2752,5133424.3,434573.6,4
2753,5133424.3,434588.6,4
2754,5133424.3,434603.6,4
2755,5133424.3,434618.6,4
2756,5133424.3,434633.6,4
2757,5133424.3,434648.6,4
2758,5133424.3,434663.6,4
2759,5133424.3,434678.6,4
2760,5133424.3,434693.6,3
2761,5133424.3,434708.6,3
2762,5133424.3,434723.6,3
2763,5133424.3,434738.6,3
2764,5133424.3,434753.6,3
2765,5133424.3,434768.6,3
2766,5133424.3,434783.6,3
2767,5133424.3,434798.6,4
2768,5133424.3,434813.6,4
2769,5133424.3,434828.6,4
2770,5133424.3,434843.6,3
2771,5133424.3,434858.6,3
2772,5133424.3,434873.6,3
2773,5133424.3,434888.6,3
2774,5133424.3,434903.6,3
2775,5133424.3,434918.6,4
2776,5133424.3,434933.6,4
2777,5133424.3,434948.6,4
2778,5133424.3,434963.6,2
2779,5133424.3,434978.6,3
2780,5133424.3,434993.6,3
2781,5133424.3,435008.6,1
2782,5133424.3,435023.6,1
2783,5133424.3,435038.6,1
2784,5133424.3,435053.6,1
2785,5133424.3,435068.6,1
2786,5133424.3,435083.6,4
2787,5133424.3,435098.6,4
2788,5133424.3,435113.6,3
2789,5133424.3,435128.6,3
2790,5133424.3,435143.6,3
2791,5133424.3,435158.6,3
2792,5133439.3,434423.6,1
2793,5133439.3,434438.6,3
2794,5133439.3,434453.6,3
2795,5133439.3,434468.6,3
2796,5133439.3,434483.6,3
2797,5133439.3,434498.6,4
2798,5133439.3,434513.6,4
2799,5133439.3,434528.6,4
2800,5133439.3,434543.6,4
2801,5133439.3,434558.6,4
2802,5133439.3,434573.6,4
2803,5133439.3,434588.6,4
2804,5133439.3,434603.6,4
2805,5133439.3,434618.6,4
2806,5133439.3,434633.6,4
2807,5133439.3,434648.6,4
2808,5133439.3,434663.6,4
2809,5133439.3,434678.6,3
2810,5133439.3,434693.6,3
2811,5133439.3,434708.6,3
2812,5133439.3,434723.6,3
2813,5133439.3,434738.6,3
2814,5133439.3,434753.6,3
2815,5133439.3,434768.6,3
2816,5133439.3,434783.6,3
2817,5133439.3,434798.6,4
2818,5133439.3,434813.6,4
2819,5133439.3,434828.6,4
2820,5133439.3,434843.6,3
2821,5133439.3,434858.6,3
2822,5133439.3,434873.6,3
2823,5133439.3,434888.6,3
2824,5133439.3,434903.6,3
2825,5133439.3,434918.6,4
2826,5133439.3,434933.6,4
2827,5133439.3,434948.6,4
2828,5133439.3,434963.6,4
2829,5133439.3,434978.6,4
2830,5133439.3,434993.6,1
2831,5133439.3,435008.6,1
2832,5133439.3,435023.6,1
2833,5133439.3,435038.6,1
2834,5133439.3,435053.6,1
2835,5133439.3,435068.6,1
2836,5133439.3,435083.6,3
2837,5133439.3,435098.6,3
2838,5133439.3,435113.6,3
2839,5133439.3,435128.6,3
2840,5133439.3,435143.6,3
2841,5133439.3,435158.6,3
2842,5133454.3,434408.6,2
2843,5133454.3,434423.6,2
2844,5133454.3,434438.6,3
2845,5133454.3,434453.6,3
2846,5133454.3,434468.6,4
2847,5133454.3,434483.6,4
2848,5133454.3,434498.6,4
2849,5133454.3,434513.6,4
2850,5133454.3,434528.6,4
2851,5133454.3,434543.6,4
2852,5133454.3,434558.6,4
2853,5133454.3,434573.6,4
2854,5133454.3,434588.6,4
2855,5133454.3,434603.6,4
2856,5133454.3,434618.6,4
2857,5133454.3,434633.6,4
2858,5133454.3,434648.6,4
2859,5133454.3,434663.6,4
2860,5133454.3,434678.6,3
2861,5133454.3,434693.6,3
2862,5133454.3,434708.6,3
2863,5133454.3,434723.6,3
2864,5133454.3,434738.6,3
2865,5133454.3,434753.6,3
2866,5133454.3,434768.6,3
2867,5133454.3,434783.6,4
2868,5133454.3,434798.6,4
2869,5133454.3,434813.6,4
2870,5133454.3,434828.6,4
2871,5133454.3,434843.6,3
2872,5133454.3,434858.6,3
2873,5133454.3,434873.6,3
2874,5133454.3,434888.6,3
2875,5133454.3,434903.6,4
2876,5133454.3,434918.6,4
2877,5133454.3,434933.6,4
2878,5133454.3,434948.6,4
2879,5133454.3,434963.6,4
2880,5133454.3,434978.6,3
2881,5133454.3,434993.6,1
2882,5133454.3,435008.6,1
2883,5133454.3,435023.6,1
2884,5133454.3,435038.6,1
2885,5133454.3,435053.6,1
2886,5133454.3,435068.6,1
2887,5133454.3,435083.6,3
2888,5133454.3,435098.6,3
2889,5133454.3,435113.6,3
2890,5133454.3,435128.6,4
2891,5133454.3,435143.6,4
2892,5133454.3,435158.6,4
2893,5133469.3,434408.6,2
2894,5133469.3,434423.6,2
2895,5133469.3,434438.6,2
2896,5133469.3,434453.6,4
2897,5133469.3,434468.6,4
2898,5133469.3,434483.6,4
2899,5133469.3,434498.6,4
2900,5133469.3,434513.6,4
2901,5133469.3,434528.6,4
2902,5133469.3,434543.6,4
2903,5133469.3,434558.6,3
2904,5133469.3,434573.6,3
2905,5133469.3,434588.6,3
2906,5133469.3,434603.6,3
2907,5133469.3,434618.6,4
2908,5133469.3,434633.6,4
2909,5133469.3,434648.6,4
2910,5133469.3,434663.6,1
2911,5133469.3,434678.6,3
2912,5133469.3,434693.6,3
2913,5133469.3,434708.6,3
2914,5133469.3,434723.6,3
2915,5133469.3,434738.6,3
2916,5133469.3,434753.6,3
2917,5133469.3,434768.6,3
2918,5133469.3,434783.6,4
2919,5133469.3,434798.6,4
2920,5133469.3,434813.6,4
2921,5133469.3,434828.6,3
2922,5133469.3,434843.6,3
2923,5133469.3,434858.6,3
2924,5133469.3,434873.6,3
2925,5133469.3,434888.6,3
2926,5133469.3,434903.6,1
2927,5133469.3,434918.6,1
2928,5133469.3,434933.6,4
2929,5133469.3,434948.6,4
2930,5133469.3,434963.6,3
2931,5133469.3,434978.6,3
2932,5133469.3,434993.6,1
2933,5133469.3,435008.6,1
2934,5133469.3,435023.6,1
2935,5133469.3,435038.6,1
2936,5133469.3,435053.6,1
2937,5133469.3,435068.6,1
2938,5133469.3,435083.6,3
2939,5133469.3,435098.6,3
2940,5133469.3,435113.6,2
2941,5133469.3,435128.6,2
2942,5133469.3,435143.6,2
2943,5133469.3,435158.6,4
2944,5133484.3,434393.6,2
2945,5133484.3,434408.6,2
2946,5133484.3,434423.6,2
2947,5133484.3,434438.6,2
2948,5133484.3,434453.6,4
2949,5133484.3,434468.6,4
2950,5133484.3,434483.6,4
2951,5133484.3,434498.6,4
2952,5133484.3,434513.6,4
2953,5133484.3,434528.6,4
2954,5133484.3,434543.6,3
2955,5133484.3,434558.6,3
2956,5133484.3,434573.6,3
2957,5133484.3,434588.6,3
2958,5133484.3,434603.6,3
2959,5133484.3,434618.6,2
2960,5133484.3,434633.6,4
2961,5133484.3,434648.6,1
2962,5133484.3,434663.6,1
2963,5133484.3,434678.6,3
2964,5133484.3,434693.6,3
2965,5133484.3,434708.6,3
2966,5133484.3,434723.6,3
2967,5133484.3,434738.6,3
2968,5133484.3,434753.6,3
2969,5133484.3,434768.6,4
2970,5133484.3,434783.6,4
2971,5133484.3,434798.6,4
2972,5133484.3,434813.6,4
2973,5133484.3,434828.6,3
2974,5133484.3,434843.6,3
2975,5133484.3,434858.6,3
2976,5133484.3,434873.6,3
2977,5133484.3,434888.6,3
2978,5133484.3,434903.6,1
2979,5133484.3,434918.6,1
2980,5133484.3,434933.6,3
2981,5133484.3,434948.6,3
2982,5133484.3,434963.6,3
2983,5133484.3,434978.6,3
2984,5133484.3,434993.6,1
2985,5133484.3,435008.6,1
2986,5133484.3,435023.6,1
2987,5133484.3,435038.6,1
2988,5133484.3,435053.6,1
2989,5133484.3,435068.6,1
2990,5133484.3,435083.6,1
2991,5133484.3,435098.6,3
2992,5133484.3,435113.6,2
2993,5133484.3,435128.6,2
2994,5133484.3,435143.6,2
2995,5133484.3,435158.6,4
2996,5133484.3,435173.6,4
2997,5133499.3,434393.6,3
2998,5133499.3,434408.6,2
2999,5133499.3,434423.6,3
3000,5133499.3,434438.6,2
3001,5133499.3,434453.6,4
3002,5133499.3,434468.6,4
3003,5133499.3,434483.6,4
3004,5133499.3,434498.6,4
3005,5133499.3,434513.6,3
3006,5133499.3,434528.6,3
3007,5133499.3,434543.6,3
3008,5133499.3,434558.6,3
3009,5133499.3,434573.6,3
3010,5133499.3,434588.6,3
3011,5133499.3,434603.6,1
3012,5133499.3,434618.6,1
3013,5133499.3,434633.6,2
3014,5133499.3,434648.6,2
3015,5133499.3,434663.6,1
3016,5133499.3,434678.6,3
3017,5133499.3,434693.6,3
3018,5133499.3,434708.6,3
3019,5133499.3,434723.6,3
3020,5133499.3,434738.6,3
3021,5133499.3,434753.6,3
3022,5133499.3,434768.6,3
3023,5133499.3,434783.6,4
3024,5133499.3,434798.6,4
3025,5133499.3,434813.6,3
3026,5133499.3,434828.6,3
3027,5133499.3,434843.6,3
3028,5133499.3,434858.6,3
3029,5133499.3,434873.6,3
3030,5133499.3,434888.6,3
3031,5133499.3,434903.6,3
3032,5133499.3,434918.6,3
3033,5133499.3,434933.6,3
3034,5133499.3,434948.6,3
3035,5133499.3,434963.6,3
3036,5133499.3,434978.6,1
3037,5133499.3,434993.6,1
3038,5133499.3,435008.6,1
3039,5133499.3,435023.6,1
3040,5133499.3,435038.6,1
3041,5133499.3,435053.6,1
3042,5133499.3,435068.6,1
3043,5133499.3,435083.6,1
3044,5133499.3,435098.6,2
3045,5133499.3,435113.6,4
3046,5133499.3,435128.6,4
3047,5133499.3,435143.6,4
3048,5133499.3,435158.6,4
3049,5133499.3,435173.6,4
3050,5133514.3,434378.6,2
3051,5133514.3,434393.6,2
3052,5133514.3,434408.6,2
3053,5133514.3,434423.6,2
3054,5133514.3,434438.6,2
3055,5133514.3,434453.6,2
3056,5133514.3,434468.6,4
3057,5133514.3,434483.6,4
3058,5133514.3,434498.6,3
3059,5133514.3,434513.6,3
3060,5133514.3,434528.6,3
3061,5133514.3,434543.6,3
3062,5133514.3,434558.6,3
3063,5133514.3,434573.6,1
3064,5133514.3,434588.6,1
3065,5133514.3,434603.6,1
3066,5133514.3,434618.6,1
3067,5133514.3,434633.6,2
3068,5133514.3,434648.6,2
3069,5133514.3,434663.6,3
3070,5133514.3,434678.6,3
3071,5133514.3,434693.6,3
3072,5133514.3,434708.6,3
3073,5133514.3,434723.6,3
3074,5133514.3,434738.6,3
3075,5133514.3,434753.6,3
3076,5133514.3,434768.6,2
3077,5133514.3,434783.6,4
3078,5133514.3,434798.6,4
3079,5133514.3,434813.6,3
3080,5133514.3,434828.6,3
3081,5133514.3,434843.6,3
3082,5133514.3,434858.6,3
3083,5133514.3,434873.6,3
3084,5133514.3,434888.6,3
3085,5133514.3,434903.6,3
3086,5133514.3,434918.6,3
3087,5133514.3,434933.6,3
3088,5133514.3,434948.6,3
3089,5133514.3,434963.6,1
3090,5133514.3,434978.6,1
3091,5133514.3,434993.6,1
3092,5133514.3,435008.6,1
3093,5133514.3,435023.6,1
3094,5133514.3,435038.6,1
3095,5133514.3,435053.6,1
3096,5133514.3,435068.6,1
3097,5133514.3,435083.6,2
3098,5133514.3,435098.6,2
3099,5133514.3,435113.6,4
3100,5133514.3,435128.6,4
3101,5133514.3,435143.6,4
3102,5133514.3,435158.6,4
3103,5133514.3,435173.6,4
3104,5133529.3,434378.6,2
3105,5133529.3,434393.6,2
3106,5133529.3,434408.6,2
3107,5133529.3,434423.6,2
3108,5133529.3,434438.6,2
3109,5133529.3,434453.6,2
3110,5133529.3,434468.6,4
3111,5133529.3,434483.6,4
3112,5133529.3,434498.6,3
3113,5133529.3,434513.6,3
3114,5133529.3,434528.6,3
3115,5133529.3,434543.6,3
3116,5133529.3,434558.6,1
3117,5133529.3,434573.6,1
3118,5133529.3,434588.6,1
3119,5133529.3,434603.6,1
3120,5133529.3,434618.6,1
3121,5133529.3,434633.6,1
3122,5133529.3,434648.6,1
3123,5133529.3,434663.6,3
3124,5133529.3,434678.6,3
3125,5133529.3,434693.6,3
3126,5133529.3,434708.6,3
3127,5133529.3,434723.6,3
3128,5133529.3,434738.6,3
3129,5133529.3,434753.6,2
3130,5133529.3,434768.6,2
3131,5133529.3,434783.6,4
3132,5133529.3,434798.6,4
3133,5133529.3,434813.6,4
3134,5133529.3,434828.6,3
3135,5133529.3,434843.6,3
3136,5133529.3,434858.6,3
3137,5133529.3,434873.6,3
3138,5133529.3,434888.6,3
3139,5133529.3,434903.6,3
3140,5133529.3,434918.6,3
3141,5133529.3,434933.6,3
3142,5133529.3,434948.6,1
3143,5133529.3,434963.6,1
3144,5133529.3,434978.6,1
3145,5133529.3,434993.6,1
3146,5133529.3,435008.6,1
3147,5133529.3,435023.6,1
3148,5133529.3,435038.6,1
3149,5133529.3,435053.6,1
3150,5133529.3,435068.6,2
3151,5133529.3,435083.6,2
3152,5133529.3,435098.6,2
3153,5133529.3,435113.6,2
3154,5133529.3,435128.6,2
3155,5133529.3,435143.6,2
3156,5133529.3,435158.6,2
3157,5133529.3,435173.6,2
3158,5133544.3,434378.6,2
3159,5133544.3,434393.6,2
3160,5133544.3,434408.6,2
3161,5133544.3,434423.6,2
3162,5133544.3,434438.6,2
3163,5133544.3,434453.6,2
3164,5133544.3,434468.6,3
3165,5133544.3,434483.6,3
3166,5133544.3,434498.6,3
3167,5133544.3,434513.6,1
3168,5133544.3,434528.6,1
3169,5133544.3,434543.6,1
3170,5133544.3,434558.6,1
3171,5133544.3,434573.6,1
3172,5133544.3,434588.6,1
3173,5133544.3,434603.6,1
3174,5133544.3,434618.6,1
3175,5133544.3,434633.6,1
3176,5133544.3,434648.6,1
3177,5133544.3,434663.6,4
3178,5133544.3,434678.6,3
3179,5133544.3,434693.6,3
3180,5133544.3,434708.6,3
3181,5133544.3,434723.6,3
3182,5133544.3,434738.6,3
3183,5133544.3,434753.6,2
3184,5133544.3,434768.6,2
3185,5133544.3,434783.6,4
3186,5133544.3,434798.6,4
3187,5133544.3,434813.6,3
3188,5133544.3,434828.6,3
3189,5133544.3,434843.6,3
3190,5133544.3,434858.6,3
3191,5133544.3,434873.6,3
3192,5133544.3,434888.6,3
3193,5133544.3,434903.6,3
3194,5133544.3,434918.6,3
3195,5133544.3,434933.6,1
3196,5133544.3,434948.6,1
3197,5133544.3,434963.6,1
3198,5133544.3,434978.6,1
3199,5133544.3,434993.6,1
3200,5133544.3,435008.6,2
3201,5133544.3,435023.6,2
3202,5133544.3,435038.6,2
3203,5133544.3,435053.6,4
3204,5133544.3,435068.6,4
3205,5133544.3,435083.6,2
3206,5133544.3,435098.6,2
3207,5133544.3,435113.6,2
3208,5133544.3,435128.6,2
3209,5133544.3,435143.6,2
3210,5133544.3,435158.6,2
3211,5133544.3,435173.6,2
3212,5133559.3,434363.6,3
3213,5133559.3,434378.6,3
3214,5133559.3,434393.6,2
3215,5133559.3,434408.6,2
3216,5133559.3,434423.6,3
3217,5133559.3,434438.6,3
3218,5133559.3,434453.6,3
3219,5133559.3,434468.6,3
3220,5133559.3,434483.6,1
3221,5133559.3,434498.6,1
3222,5133559.3,434513.6,1
3223,5133559.3,434528.6,1
3224,5133559.3,434543.6,1
3225,5133559.3,434558.6,1
3226,5133559.3,434573.6,1
3227,5133559.3,434588.6,1
3228,5133559.3,434603.6,1
3229,5133559.3,434618.6,1
3230,5133559.3,434633.6,1
3231,5133559.3,434648.6,1
3232,5133559.3,434663.6,4
3233,5133559.3,434678.6,3
3234,5133559.3,434693.6,3
3235,5133559.3,434708.6,3
3236,5133559.3,434723.6,3
3237,5133559.3,434738.6,2
3238,5133559.3,434753.6,2
3239,5133559.3,434768.6,2
3240,5133559.3,434783.6,4
3241,5133559.3,434798.6,3
3242,5133559.3,434813.6,3
3243,5133559.3,434828.6,3
3244,5133559.3,434843.6,3
3245,5133559.3,434858.6,3
3246,5133559.3,434873.6,3
3247,5133559.3,434888.6,3
3248,5133559.3,434903.6,3
3249,5133559.3,434918.6,3
3250,5133559.3,434933.6,1
3251,5133559.3,434948.6,1
3252,5133559.3,434963.6,1
3253,5133559.3,434978.6,1
3254,5133559.3,434993.6,2
3255,5133559.3,435008.6,2
3256,5133559.3,435023.6,2
3257,5133559.3,435038.6,4
3258,5133559.3,435053.6,4
3259,5133559.3,435068.6,4
3260,5133559.3,435083.6,4
3261,5133559.3,435098.6,4
3262,5133559.3,435113.6,2
3263,5133559.3,435128.6,4
3264,5133559.3,435143.6,4
3265,5133559.3,435158.6,4
3266,5133559.3,435173.6,2
3267,5133559.3,435188.6,2
3268,5133574.3,434363.6,3
3269,5133574.3,434378.6,3
3270,5133574.3,434393.6,3
3271,5133574.3,434408.6,3
3272,5133574.3,434423.6,3
3273,5133574.3,434438.6,3
3274,5133574.3,434453.6,3
3275,5133574.3,434468.6,3
3276,5133574.3,434483.6,1
3277,5133574.3,434498.6,1
3278,5133574.3,434513.6,1
3279,5133574.3,434528.6,1
3280,5133574.3,434543.6,1
3281,5133574.3,434558.6,1
3282,5133574.3,434573.6,1
3283,5133574.3,434588.6,1
3284,5133574.3,434603.6,1
3285,5133574.3,434618.6,1
3286,5133574.3,434633.6,1
3287,5133574.3,434648.6,1
3288,5133574.3,434663.6,4
3289,5133574.3,434678.6,4
3290,5133574.3,434693.6,3
3291,5133574.3,434708.6,3
3292,5133574.3,434723.6,2
3293,5133574.3,434738.6,2
3294,5133574.3,434753.6,2
3295,5133574.3,434768.6,2
3296,5133574.3,434783.6,3
3297,5133574.3,434798.6,3
3298,5133574.3,434813.6,3
3299,5133574.3,434828.6,3
3300,5133574.3,434843.6,3
3301,5133574.3,434858.6,3
3302,5133574.3,434873.6,3
3303,5133574.3,434888.6,3
3304,5133574.3,434903.6,3
3305,5133574.3,434918.6,3
3306,5133574.3,434933.6,1
3307,5133574.3,434948.6,1
3308,5133574.3,434963.6,1
3309,5133574.3,434978.6,2
3310,5133574.3,434993.6,2
3311,5133574.3,435008.6,2
3312,5133574.3,435023.6,2
3313,5133574.3,435038.6,4
3314,5133574.3,435053.6,4
3315,5133574.3,435068.6,4
3316,5133574.3,435083.6,4
3317,5133574.3,435098.6,2
3318,5133574.3,435113.6,2
3319,5133574.3,435128.6,4
3320,5133574.3,435143.6,4
3321,5133574.3,435158.6,4
3322,5133574.3,435173.6,2
3323,5133574.3,435188.6,2
3324,5133589.3,434348.6,3
3325,5133589.3,434363.6,3
3326,5133589.3,434378.6,3
3327,5133589.3,434393.6,3
3328,5133589.3,434408.6,3
3329,5133589.3,434423.6,3
3330,5133589.3,434438.6,3
3331,5133589.3,434453.6,3
3332,5133589.3,434468.6,3
3333,5133589.3,434483.6,3
3334,5133589.3,434498.6,1
3335,5133589.3,434513.6,1
3336,5133589.3,434528.6,1
3337,5133589.3,434543.6,1
3338,5133589.3,434558.6,1
3339,5133589.3,434573.6,1
3340,5133589.3,434588.6,1
3341,5133589.3,434603.6,1
3342,5133589.3,434618.6,1
3343,5133589.3,434633.6,1
3344,5133589.3,434648.6,1
3345,5133589.3,434663.6,4
3346,5133589.3,434678.6,4
3347,5133589.3,434693.6,1
3348,5133589.3,434708.6,1
3349,5133589.3,434723.6,2
3350,5133589.3,434738.6,2
3351,5133589.3,434753.6,2
3352,5133589.3,434768.6,2
3353,5133589.3,434783.6,3
3354,5133589.3,434798.6,3
3355,5133589.3,434813.6,3
3356,5133589.3,434828.6,3
3357,5133589.3,434843.6,3
3358,5133589.3,434858.6,1
3359,5133589.3,434873.6,1
3360,5133589.3,434888.6,3
3361,5133589.3,434903.6,3
3362,5133589.3,434918.6,3
3363,5133589.3,434933.6,1
3364,5133589.3,434948.6,1
3365,5133589.3,434963.6,5
3366,5133589.3,434978.6,2
3367,5133589.3,434993.6,2
3368,5133589.3,435008.6,2
3369,5133589.3,435023.6,4
3370,5133589.3,435038.6,4
3371,5133589.3,435053.6,4
3372,5133589.3,435068.6,4
3373,5133589.3,435083.6,2
3374,5133589.3,435098.6,2
3375,5133589.3,435113.6,4
3376,5133589.3,435128.6,4
3377,5133589.3,435143.6,4
3378,5133589.3,435158.6,5
3379,5133589.3,435173.6,1
3380,5133589.3,435188.6,5
3381,5133604.3,434348.6,3
3382,5133604.3,434363.6,3
3383,5133604.3,434378.6,3
3384,5133604.3,434393.6,3
3385,5133604.3,434408.6,3
3386,5133604.3,434423.6,3
3387,5133604.3,434438.6,3
3388,5133604.3,434453.6,3
3389,5133604.3,434468.6,3
3390,5133604.3,434483.6,3
3391,5133604.3,434498.6,1
3392,5133604.3,434513.6,1
3393,5133604.3,434528.6,1
3394,5133604.3,434543.6,1
3395,5133604.3,434558.6,1
3396,5133604.3,434573.6,1
3397,5133604.3,434588.6,1
3398,5133604.3,434603.6,1
3399,5133604.3,434618.6,1
3400,5133604.3,434633.6,1
3401,5133604.3,434648.6,1
3402,5133604.3,434663.6,4
3403,5133604.3,434678.6,4
3404,5133604.3,434693.6,1
3405,5133604.3,434708.6,1
3406,5133604.3,434723.6,2
3407,5133604.3,434738.6,2
3408,5133604.3,434753.6,2
3409,5133604.3,434768.6,2
3410,5133604.3,434783.6,3
3411,5133604.3,434798.6,3
3412,5133604.3,434813.6,3
3413,5133604.3,434828.6,3
3414,5133604.3,434843.6,1
3415,5133604.3,434858.6,1
3416,5133619.3,434333.6,1
3417,5133619.3,434348.6,3
3418,5133619.3,434363.6,3
3419,5133619.3,434378.6,3
3420,5133619.3,434393.6,1
3421,5133619.3,434408.6,1
3422,5133619.3,434423.6,1
3423,5133619.3,434438.6,3
3424,5133619.3,434453.6,3
3425,5133619.3,434468.6,3
3426,5133619.3,434483.6,3
3427,5133619.3,434498.6,1
3428,5133619.3,434513.6,1
3429,5133619.3,434528.6,1
3430,5133619.3,434543.6,1
3431,5133619.3,434558.6,1
3432,5133619.3,434573.6,1
3433,5133619.3,434588.6,1
3434,5133619.3,434603.6,1
3435,5133619.3,434618.6,1
3436,5133619.3,434633.6,1
3437,5133619.3,434648.6,1
3438,5133619.3,434663.6,4
3439,5133619.3,434678.6,4
3440,5133619.3,434693.6,1
3441,5133619.3,434708.6,1
3442,5133619.3,434723.6,1
3443,5133619.3,434738.6,3
3444,5133619.3,434753.6,2
3445,5133619.3,434768.6,3
3446,5133619.3,434783.6,3
3447,5133619.3,434798.6,3
3448,5133619.3,434813.6,3
3449,5133619.3,434828.6,3
3450,5133619.3,434843.6,1
3451,5133634.3,434333.6,1
3452,5133634.3,434348.6,1
3453,5133634.3,434363.6,1
3454,5133634.3,434378.6,1
3455,5133634.3,434393.6,1
3456,5133634.3,434408.6,1
3457,5133634.3,434423.6,1
3458,5133634.3,434438.6,1
3459,5133634.3,434453.6,3
3460,5133634.3,434468.6,1
3461,5133634.3,434483.6,1
3462,5133634.3,434498.6,1
3463,5133634.3,434513.6,1
3464,5133634.3,434528.6,1
3465,5133634.3,434543.6,1
3466,5133634.3,434558.6,1
3467,5133634.3,434573.6,1
3468,5133634.3,434588.6,1
3469,5133634.3,434603.6,1
3470,5133634.3,434618.6,1
3471,5133634.3,434633.6,1
3472,5133634.3,434648.6,1
3473,5133634.3,434663.6,1
3474,5133634.3,434678.6,1
3475,5133634.3,434693.6,1
3476,5133634.3,434708.6,1
3477,5133634.3,434723.6,1
3478,5133634.3,434738.6,3
3479,5133634.3,434753.6,3
3480,5133634.3,434768.6,3
3481,5133634.3,434783.6,3
3482,5133634.3,434798.6,3
3483,5133634.3,434813.6,3
3484,5133649.3,434318.6,3
3485,5133649.3,434333.6,1
3486,5133649.3,434348.6,1
3487,5133649.3,434363.6,1
3488,5133649.3,434378.6,1
3489,5133649.3,434393.6,1
3490,5133649.3,434408.6,1
3491,5133649.3,434423.6,1
3492,5133649.3,434438.6,1
3493,5133649.3,434453.6,1
3494,5133649.3,434468.6,1
3495,5133649.3,434483.6,1
3496,5133649.3,434498.6,1
3497,5133649.3,434513.6,1
3498,5133649.3,434528.6,1
3499,5133649.3,434543.6,1
3500,5133649.3,434558.6,1
3501,5133649.3,434573.6,1
3502,5133649.3,434588.6,1
3503,5133649.3,434603.6,1
3504,5133649.3,434618.6,1
3505,5133649.3,434633.6,3
3506,5133649.3,434648.6,3
3507,5133649.3,434663.6,1
3508,5133649.3,434678.6,1
3509,5133649.3,434693.6,1
3510,5133649.3,434708.6,1
3511,5133649.3,434723.6,1
3512,5133649.3,434738.6,1
3513,5133649.3,434753.6,3
3514,5133649.3,434768.6,3
3515,5133649.3,434783.6,1
3516,5133649.3,434798.6,1
3517,5133664.3,434318.6,3
3518,5133664.3,434333.6,3
3519,5133664.3,434348.6,1
3520,5133664.3,434363.6,1
3521,5133664.3,434378.6,1
3522,5133664.3,434393.6,1
3523,5133664.3,434408.6,1
3524,5133664.3,434423.6,1
3525,5133664.3,434438.6,1
3526,5133664.3,434453.6,1
3527,5133664.3,434468.6,1
3528,5133664.3,434483.6,1
3529,5133664.3,434498.6,1
3530,5133664.3,434513.6,1
3531,5133664.3,434528.6,1
3532,5133664.3,434543.6,1
3533,5133664.3,434558.6,1
3534,5133664.3,434573.6,1
3535,5133664.3,434588.6,1
3536,5133664.3,434603.6,1
3537,5133664.3,434618.6,3
3538,5133664.3,434633.6,3
3539,5133664.3,434648.6,3
3540,5133664.3,434663.6,1
3541,5133664.3,434678.6,1
3542,5133664.3,434693.6,1
3543,5133664.3,434708.6,1
3544,5133664.3,434723.6,1
3545,5133664.3,434738.6,1
3546,5133664.3,434753.6,1
3547,5133664.3,434768.6,1
3548,5133679.3,434303.6,3
3549,5133679.3,434318.6,3
3550,5133679.3,434333.6,3
3551,5133679.3,434348.6,1
3552,5133679.3,434363.6,1
3553,5133679.3,434378.6,1
3554,5133679.3,434393.6,1
3555,5133679.3,434408.6,1
3556,5133679.3,434423.6,1
3557,5133679.3,434438.6,1
3558,5133679.3,434453.6,1
3559,5133679.3,434468.6,1
3560,5133679.3,434483.6,1
3561,5133679.3,434498.6,1
3562,5133679.3,434513.6,1
3563,5133679.3,434528.6,1
3564,5133679.3,434543.6,1
3565,5133679.3,434558.6,1
3566,5133679.3,434573.6,1
3567,5133679.3,434588.6,1
3568,5133679.3,434603.6,3
3569,5133679.3,434618.6,3
3570,5133679.3,434633.6,3
3571,5133679.3,434648.6,3
3572,5133679.3,434663.6,1
3573,5133679.3,434678.6,1
3574,5133679.3,434693.6,1
3575,5133679.3,434708.6,1
3576,5133679.3,434723.6,1
3577,5133679.3,434738.6,1
3578,5133679.3,434753.6,1
3579,5133694.3,434303.6,3
3580,5133694.3,434318.6,3
3581,5133694.3,434333.6,3
3582,5133694.3,434348.6,1
3583,5133694.3,434363.6,1
3584,5133694.3,434378.6,1
3585,5133694.3,434393.6,1
3586,5133694.3,434408.6,1
3587,5133694.3,434423.6,1
3588,5133694.3,434438.6,1
3589,5133694.3,434453.6,1
3590,5133694.3,434468.6,1
3591,5133694.3,434483.6,1
3592,5133694.3,434498.6,1
3593,5133694.3,434513.6,1
3594,5133694.3,434528.6,1
3595,5133694.3,434543.6,1
3596,5133694.3,434558.6,1
3597,5133694.3,434573.6,1
3598,5133694.3,434588.6,1
3599,5133694.3,434603.6,1
3600,5133694.3,434618.6,1
3601,5133694.3,434633.6,3
3602,5133694.3,434648.6,1
3603,5133694.3,434663.6,1
3604,5133694.3,434678.6,1
3605,5133694.3,434693.6,1
3606,5133694.3,434708.6,1
3607,5133694.3,434723.6,1
3608,5133709.3,434303.6,3
3609,5133709.3,434318.6,3
3610,5133709.3,434333.6,3
3611,5133709.3,434348.6,3
3612,5133709.3,434363.6,3
3613,5133709.3,434378.6,1
3614,5133709.3,434393.6,1
3615,5133709.3,434408.6,1
3616,5133709.3,434423.6,1
3617,5133709.3,434438.6,1
3618,5133709.3,434453.6,1
3619,5133709.3,434468.6,1
3620,5133709.3,434483.6,1
3621,5133709.3,434498.6,1
3622,5133709.3,434513.6,1
3623,5133709.3,434528.6,1
3624,5133709.3,434543.6,1
3625,5133709.3,434558.6,1
3626,5133709.3,434573.6,1
3627,5133709.3,434588.6,1
3628,5133709.3,434603.6,1
3629,5133709.3,434618.6,1
3630,5133709.3,434633.6,1
3631,5133709.3,434648.6,1
3632,5133709.3,434663.6,1
3633,5133709.3,434678.6,1
3634,5133709.3,434693.6,1
3635,5133709.3,434708.6,1
3636,5133724.3,434288.6,3
3637,5133724.3,434303.6,3
3638,5133724.3,434318.6,3
3639,5133724.3,434333.6,3
3640,5133724.3,434348.6,3
3641,5133724.3,434363.6,3
3642,5133724.3,434378.6,3
3643,5133724.3,434393.6,1
3644,5133724.3,434408.6,1
3645,5133724.3,434423.6,1
3646,5133724.3,434438.6,1
3647,5133724.3,434453.6,3
3648,5133724.3,434468.6,3
3649,5133724.3,434483.6,3
3650,5133724.3,434498.6,3
3651,5133724.3,434513.6,3
3652,5133724.3,434528.6,3
3653,5133724.3,434543.6,3
3654,5133724.3,434558.6,3
3655,5133724.3,434573.6,3
3656,5133724.3,434588.6,3
3657,5133724.3,434603.6,3
3658,5133724.3,434618.6,1
3659,5133724.3,434633.6,1
3660,5133724.3,434648.6,1
3661,5133724.3,434663.6,1
3662,5133724.3,434678.6,1
3663,5133739.3,434288.6,1
3664,5133739.3,434303.6,1
3665,5133739.3,434318.6,1
3666,5133739.3,434333.6,1
3667,5133739.3,434348.6,3
3668,5133739.3,434363.6,3
3669,5133739.3,434378.6,3
3670,5133739.3,434393.6,1
3671,5133739.3,434408.6,1
3672,5133739.3,434423.6,1
3673,5133739.3,434438.6,1
3674,5133739.3,434453.6,1
3675,5133739.3,434468.6,3
3676,5133739.3,434483.6,3
3677,5133739.3,434498.6,3
3678,5133739.3,434513.6,3
3679,5133739.3,434528.6,3
3680,5133739.3,434543.6,3
3681,5133739.3,434558.6,3
3682,5133739.3,434573.6,3
3683,5133739.3,434588.6,3
3684,5133739.3,434603.6,3
3685,5133739.3,434618.6,3
3686,5133739.3,434633.6,5
3687,5133754.3,434303.6,1
3688,5133754.3,434318.6,1
3689,5133754.3,434333.6,1
3690,5133754.3,434348.6,1
3691,5133754.3,434363.6,1
3692,5133754.3,434378.6,1
3693,5133754.3,434393.6,1
3694,5133754.3,434408.6,1
3695,5133754.3,434423.6,1
3696,5133754.3,434438.6,1
3697,5133754.3,434453.6,3
3698,5133754.3,434468.6,3
3699,5133754.3,434483.6,3
3700,5133754.3,434498.6,3
3701,5133754.3,434513.6,3
3702,5133754.3,434528.6,3
3703,5133754.3,434543.6,3
3704,5133754.3,434558.6,3
3705,5133754.3,434573.6,3
3706,5133769.3,434333.6,3
3707,5133769.3,434348.6,3
3708,5133769.3,434363.6,1
3709,5133769.3,434378.6,1
3710,5133769.3,434393.6,1
3711,5133769.3,434408.6,1
3712,5133769.3,434423.6,3
3713,5133769.3,434438.6,3
3714,5133769.3,434453.6,3
3715,5133769.3,434468.6,3
3716,5133769.3,434483.6,3
3717,5133769.3,434498.6,3
3718,5133769.3,434513.6,5
3719,5133769.3,434528.6,5
3720,5133784.3,434348.6,3
3721,5133784.3,434363.6,3
3722,5133784.3,434378.6,1
3723,5133784.3,434393.6,1
3724,5133784.3,434408.6,1
3725,5133784.3,434423.6,3
3726,5133784.3,434438.6,3
3727,5133784.3,434453.6,3
3728,5133784.3,434468.6,5
3729,5133799.3,434378.6,3
3730,5133799.3,434393.6,1
3731,5133799.3,434408.6,5
3732,5133799.3,434423.6,5
